Datos_fch_hr,Datos_eje_x,Datos_eje_y,Datos_eje_z,Datos_tmp_s,Datos_tmp_loc
26-10-2021 03:50:18,-0.1,-0.6,-10.59,0,\N
26-10-2021 03:50:19,0.27,0.6,-8.95,0,\N
26-10-2021 03:50:20,-0.7,-0.04,-9.3,0,\N
26-10-2021 03:50:21,0.03,-0.01,-11.04,0,\N
26-10-2021 03:50:22,0.3,0.49,-9.88,0,\N
26-10-2021 03:50:23,-0.85,-0.45,-10.46,0,\N
26-10-2021 03:50:24,0.41,0.56,-9.8,0,\N
26-10-2021 03:50:25,0.47,0.16,-11.01,0,\N
26-10-2021 03:50:26,-0.35,0.34,-9.86,0,\N
26-10-2021 03:50:27,-0.25,-0.72,-11.41,0,\N
26-10-2021 03:50:28,-0.5,-0.5,-10.83,0,\N
26-10-2021 03:50:29,0.13,0.91,-8.67,0,\N
26-10-2021 03:50:30,0,-0.19,-10.38,0,\N
26-10-2021 03:50:31,0.53,0.36,-11.24,0,\N
26-10-2021 03:50:32,-0.18,-0.44,-10.1,0,\N
26-10-2021 03:50:33,0.04,0.72,-9.2,0,\N
26-10-2021 03:50:34,0.32,-0.26,-10.34,0,\N
26-10-2021 03:50:35,0.2,0.02,-10.19,0,\N
26-10-2021 03:50:36,0.5,0.42,-11.12,0,\N
26-10-2021 03:50:37,-0.05,-0.27,-9.94,0,\N
26-10-2021 03:50:38,-0.28,-0.43,-10.84,0,\N
26-10-2021 03:50:39,-0.13,0.17,-10.34,0,\N
26-10-2021 03:50:40,0.14,-0.07,-9.91,0,\N
26-10-2021 03:50:41,0.42,0.56,-11.41,0,\N
26-10-2021 03:50:42,-0.37,-0.32,-10.47,0,\N
26-10-2021 03:50:43,-0.22,0.28,-9.36,0,\N
26-10-2021 03:50:44,-0.47,-0.52,-10.2,0,\N
26-10-2021 03:50:45,0.15,-0.11,-10.23,0,\N
26-10-2021 03:50:46,0.53,0.61,-10.8,0,\N
26-10-2021 03:50:47,-0.89,-0.4,-10.7,0,\N
26-10-2021 03:50:48,-0.12,0.25,-9.42,0,\N
26-10-2021 03:50:49,0.17,0.57,-10.01,0,\N
26-10-2021 03:50:50,-0.03,0.08,-10.39,0,\N
26-10-2021 03:50:51,-0.01,0.25,-10.42,0,\N
26-10-2021 03:50:52,0.29,-0.01,-11.21,0,\N
26-10-2021 03:50:53,0.16,0.49,-9.96,0,\N
26-10-2021 03:50:54,-0.63,-0.25,-10.76,0,\N
26-10-2021 03:50:55,0.56,0.05,-10.98,0,\N
26-10-2021 03:50:56,0.61,-0.09,-10.72,0,\N
26-10-2021 03:50:57,0.79,0.18,-10.66,0,\N
26-10-2021 03:50:58,-0.03,0.1,-9.74,0,\N
26-10-2021 03:50:59,-0.88,-1.21,-11.06,0,\N
26-10-2021 03:51:00,0.12,0.06,-10.67,0,\N
26-10-2021 03:51:01,-0.4,0.05,-10.24,0,\N
26-10-2021 03:51:02,-0.04,-0.94,-11.11,0,\N
26-10-2021 03:51:03,0.46,0.1,-10.72,0,\N
26-10-2021 03:51:04,0.16,0.19,-9.96,0,\N
26-10-2021 03:51:05,-0.14,0.03,-10.72,0,\N
26-10-2021 03:51:06,0.88,0.45,-9.45,0,\N
26-10-2021 03:51:07,-1.03,-0.63,-10.42,0,\N
26-10-2021 03:51:08,-0.2,-0.11,-10.73,0,\N
26-10-2021 03:51:09,0.24,0.26,-9.54,0,\N
26-10-2021 03:51:10,-0.07,-0.75,-11.49,0,\N
26-10-2021 03:51:11,-0.34,-0.08,-10.2,0,\N
26-10-2021 03:51:12,0.11,0.3,-9.92,0,\N
26-10-2021 03:51:13,-0.06,0.21,-9.82,0,\N
26-10-2021 03:51:14,0.48,0.49,-9.53,0,\N
26-10-2021 03:51:15,0.65,0.36,-9.54,0,\N
26-10-2021 03:51:16,-0.55,-0.98,-10.58,0,\N
26-10-2021 03:51:17,-0.1,0.9,-10.21,0,\N
26-10-2021 03:51:18,0.12,-0.16,-11.64,0,\N
26-10-2021 03:51:19,-0.13,0.21,-10.39,0,\N
26-10-2021 03:51:20,0.27,-0.08,-9.45,0,\N
26-10-2021 03:51:21,-0.28,0.42,-9.58,0,\N
26-10-2021 03:51:22,-0.02,0.4,-10.15,0,\N
26-10-2021 03:51:23,0.15,-0.58,-10.72,0,\N
26-10-2021 03:51:24,-0.04,0.22,-10.16,0,\N
26-10-2021 03:51:25,0.95,0.04,-10.52,0,\N
26-10-2021 03:51:26,0.03,0.77,-9.45,0,\N
26-10-2021 03:51:27,-0.88,-0.21,-10.7,0,\N
26-10-2021 03:51:28,-0.47,0.4,-9.96,0,\N
26-10-2021 03:51:29,-0.14,0.25,-9.78,0,\N
26-10-2021 03:51:30,0.02,0.41,-10.13,0,\N
26-10-2021 03:51:31,0.53,-0.23,-11.07,0,\N
26-10-2021 03:51:32,0.15,0.2,-10.02,0,\N
26-10-2021 03:51:33,-0.02,0.59,-9.56,0,\N
26-10-2021 03:51:34,0.29,0.29,-10.7,0,\N
26-10-2021 03:51:35,-0.12,0.52,-9.52,0,\N
26-10-2021 03:51:36,0.18,0.15,-10.37,0,\N
26-10-2021 03:51:37,-0.8,-0.2,-9.85,0,\N
26-10-2021 03:51:38,-0.04,0.38,-10.11,0,\N
26-10-2021 03:51:39,0.71,-0.53,-11.58,0,\N
26-10-2021 03:51:40,-0.3,0.28,-10.06,0,\N
26-10-2021 03:51:41,-0.37,-0.98,-11.06,0,\N
26-10-2021 03:51:42,-0.19,0.34,-9.71,0,\N
26-10-2021 03:51:43,-0.18,0.51,-10.17,0,\N
26-10-2021 03:51:44,-0.05,0.69,-9.21,0,\N
26-10-2021 03:51:45,0.46,1,-9.31,0,\N
26-10-2021 03:51:46,0.14,0.12,-9.68,0,\N
26-10-2021 03:51:47,0.39,0.74,-9.74,0,\N
26-10-2021 03:51:48,0.29,-0.39,-10.45,0,\N
26-10-2021 03:51:49,0.12,-0.08,-10.22,0,\N
26-10-2021 03:51:50,0.41,0.34,-9.56,0,\N
26-10-2021 03:51:51,-1.07,0.11,-9.95,0,\N
26-10-2021 03:51:52,-0.12,-0.56,-10.79,0,\N
26-10-2021 03:51:53,0.08,0.55,-10.13,0,\N
26-10-2021 03:51:54,-0.33,0.53,-9.43,0,\N
26-10-2021 03:51:55,-0.29,-0.25,-10.58,0,\N
26-10-2021 03:51:56,0.21,0.47,-9.74,0,\N
26-10-2021 03:51:57,0.32,0.56,-9.6,0,\N
26-10-2021 03:51:57,-0.76,-0.34,-10.55,0,\N
26-10-2021 03:51:58,0.33,-0.14,-11.08,0,\N
26-10-2021 03:51:59,0.66,0.29,-10.8,0,\N
26-10-2021 03:52:00,-0.21,-1.08,-11.22,0,\N
26-10-2021 03:52:01,-0.17,-0.31,-10.34,0,\N
26-10-2021 03:52:02,-0.23,-0.14,-10.34,0,\N
26-10-2021 03:52:03,-0.24,0.31,-9.75,0,\N
26-10-2021 03:52:04,0.02,-0.27,-9.88,0,\N
26-10-2021 03:52:05,0.49,0.86,-10.73,0,\N
26-10-2021 03:52:06,0.08,0.23,-10.33,0,\N
26-10-2021 03:52:07,-0.03,0.03,-10.53,0,\N
26-10-2021 03:52:08,0.52,0.21,-10.83,0,\N
26-10-2021 03:52:09,-0.01,-0.22,-10.89,0,\N
26-10-2021 03:52:10,0.35,0.32,-10.15,0,\N
26-10-2021 03:52:11,0.11,0.92,-9.47,0,\N
26-10-2021 03:52:12,0.34,-0.07,-10.21,0,\N
26-10-2021 03:52:13,0.12,0.48,-9.7,0,\N
26-10-2021 03:52:14,0.62,-0.12,-11.06,0,\N
26-10-2021 03:52:15,0.2,-0.16,-10.34,0,\N
26-10-2021 03:52:16,0.08,-0.08,-10.78,0,\N
26-10-2021 03:52:17,0.46,-0.05,-10.68,0,\N
26-10-2021 03:52:18,0.03,0.19,-10.22,0,\N
26-10-2021 03:52:19,-0.94,-0.08,-10.52,0,\N
26-10-2021 03:52:20,-0.42,-0.61,-10.77,0,\N
26-10-2021 03:52:21,0.49,0.6,-9.28,0,\N
26-10-2021 03:52:22,0.41,-0.02,-10.09,0,\N
26-10-2021 03:52:23,0.01,0.2,-9.63,0,\N
26-10-2021 03:52:24,-0.61,-0.09,-10.79,0,\N
26-10-2021 03:52:25,0.73,0.83,-10.43,0,\N
26-10-2021 03:52:26,0.46,1.01,-9.15,0,\N
26-10-2021 03:52:27,0.09,0.53,-9.44,0,\N
26-10-2021 03:52:28,-0.06,0.64,-10.48,0,\N
26-10-2021 03:52:29,-0.21,0.21,-10.41,0,\N
26-10-2021 03:52:30,0.11,-0.89,-11.14,0,\N
26-10-2021 03:52:31,-0.72,-0.66,-11.01,0,\N
26-10-2021 03:52:32,-0.75,0.26,-9.66,0,\N
26-10-2021 03:52:33,-0.1,-0.03,-10.75,0,\N
26-10-2021 03:52:34,0.17,0.2,-10.4,0,\N
26-10-2021 03:52:35,0.31,-0.22,-10.65,0,\N
26-10-2021 03:52:36,0.78,0.71,-10.27,0,\N
26-10-2021 03:52:37,-0.86,-0.24,-10.62,0,\N
26-10-2021 03:52:38,-0.39,0.05,-10.38,0,\N
26-10-2021 03:52:39,0.39,-0.7,-11.29,0,\N
26-10-2021 03:52:40,-0.08,0.61,-9.71,0,\N
26-10-2021 03:52:41,-0.67,-0.51,-10.64,0,\N
26-10-2021 03:52:42,0.43,0.45,-10.01,0,\N
26-10-2021 03:52:43,-0.27,-0.1,-10.51,0,\N
26-10-2021 03:52:44,-0.2,-0.52,-10.43,0,\N
26-10-2021 03:52:45,-0.09,0.31,-10.77,0,\N
26-10-2021 03:52:46,-0.71,0.13,-9.52,0,\N
26-10-2021 03:52:47,0.25,0.21,-9.78,0,\N
26-10-2021 03:52:48,0.05,0.77,-9.93,0,\N
26-10-2021 03:52:49,0.28,1.04,-9.66,0,\N
26-10-2021 03:52:50,-0.25,-1.16,-11.19,0,\N
26-10-2021 03:52:51,-0.21,0.22,-9.32,0,\N
26-10-2021 03:52:52,-0.16,0.19,-10.06,0,\N
26-10-2021 03:52:53,0.01,-0.06,-10.34,0,\N
26-10-2021 03:52:54,0.32,-0.01,-10.62,0,\N
26-10-2021 03:52:55,0.1,-0.67,-10.6,0,\N
26-10-2021 03:52:56,-0.47,0.18,-10.23,0,\N
26-10-2021 03:52:57,0.43,0.13,-10.03,0,\N
26-10-2021 03:52:58,-0.48,0.09,-10.13,0,\N
26-10-2021 03:52:59,0.02,0.6,-9.73,0,\N
26-10-2021 03:53:00,-0.01,-0.64,-10.43,0,\N
26-10-2021 03:53:01,-1.13,-0.34,-10.49,0,\N
26-10-2021 03:53:02,-0.04,-0.14,-9.81,0,\N
26-10-2021 03:53:03,0.34,0.15,-9.98,0,\N
26-10-2021 03:53:04,0.15,-0.27,-9.99,0,\N
26-10-2021 03:53:05,0.81,0.38,-10.79,0,\N
26-10-2021 03:53:06,-0.22,-0.51,-10.72,0,\N
26-10-2021 03:53:07,-0.23,0.11,-10.34,0,\N
26-10-2021 03:53:08,0.12,0.11,-9.79,0,\N
26-10-2021 03:53:09,0.3,0.26,-9.77,0,\N
26-10-2021 03:53:10,0.07,-0.52,-11.22,0,\N
26-10-2021 03:53:11,0.25,0.15,-10.26,0,\N
26-10-2021 03:53:12,0.41,0.68,-9.43,0,\N
26-10-2021 03:53:13,-1.02,-0.76,-10.04,0,\N
26-10-2021 03:53:14,0.24,0.48,-9.83,0,\N
26-10-2021 03:53:15,-0.14,0.65,-10.25,0,\N
26-10-2021 03:53:16,0.06,-0.12,-10.61,0,\N
26-10-2021 03:53:17,0.14,0.01,-10.66,0,\N
26-10-2021 03:53:18,-0.14,-0.71,-10.63,0,\N
26-10-2021 03:53:19,0.1,-0.27,-10.78,0,\N
26-10-2021 03:53:20,-0.08,-0.29,-9.41,0,\N
26-10-2021 03:53:21,0.29,0.24,-10.33,0,\N
26-10-2021 03:53:22,-0.11,0.16,-9.61,0,\N
26-10-2021 03:53:23,0.07,-0.18,-10.85,0,\N
26-10-2021 03:53:24,-0.48,0.31,-9.49,0,\N
26-10-2021 03:53:25,0.22,0.83,-10.1,0,\N
26-10-2021 03:53:26,-0.16,-0.6,-10.48,0,\N
26-10-2021 03:53:27,0.01,0.65,-9.62,0,\N
26-10-2021 03:53:28,-0.26,-0.77,-10.27,0,\N
26-10-2021 03:53:29,-0.18,0.28,-10.15,0,\N
26-10-2021 03:53:30,0.3,0.11,-10.69,0,\N
26-10-2021 03:53:31,-0.4,0.21,-9.99,0,\N
26-10-2021 03:53:32,-0.12,-0.11,-10.51,0,\N
26-10-2021 03:53:33,0.16,-0.37,-10.53,0,\N
26-10-2021 03:53:34,-0.12,-1.29,-10.61,0,\N
26-10-2021 03:53:35,0.27,0.28,-10.59,0,\N
26-10-2021 03:53:36,0.99,-0.06,-11.02,0,\N
26-10-2021 03:53:37,0.08,0.5,-10.08,0,\N
26-10-2021 03:53:38,0.12,0.27,-9.9,0,\N
26-10-2021 03:53:39,0.18,0.26,-9.83,0,\N
26-10-2021 03:53:40,-0.48,-0.06,-9.64,0,\N
26-10-2021 03:53:41,0.2,0.44,-10.68,0,\N
26-10-2021 03:53:42,0.63,1.13,-10.06,0,\N
26-10-2021 03:53:43,-0.42,-1.42,-11.23,0,\N
26-10-2021 03:53:44,0.29,-0.49,-10.81,0,\N
26-10-2021 03:53:45,0.16,-0.19,-10.23,0,\N
26-10-2021 03:53:46,0.24,0.26,-10.49,0,\N
26-10-2021 03:53:47,-0.08,-1.02,-11.04,0,\N
26-10-2021 03:53:48,0.59,0.98,-9.26,0,\N
26-10-2021 03:53:49,-0.96,-0.69,-11.07,0,\N
26-10-2021 03:53:50,0.16,-0.01,-10.86,0,\N
26-10-2021 03:53:51,0.56,0.74,-10.03,0,\N
26-10-2021 03:53:52,-0.43,-0.84,-11.33,0,\N
26-10-2021 03:53:53,0.53,0.78,-9.17,0,\N
26-10-2021 03:53:54,-0.22,-0.15,-10.15,0,\N
26-10-2021 03:53:55,0.02,-0.36,-9.79,0,\N
26-10-2021 03:53:56,-0.09,0.41,-10.35,0,\N
26-10-2021 03:53:57,0.12,0.17,-9.88,0,\N
26-10-2021 03:53:58,-0.56,-0.85,-11.01,0,\N
26-10-2021 03:53:59,-0.69,-0.27,-10.1,0,\N
26-10-2021 03:54:00,-0.49,-0.51,-10.82,0,\N
26-10-2021 03:54:01,0.15,0.75,-9.61,0,\N
26-10-2021 03:54:02,0.23,1.31,-9.23,0,\N
26-10-2021 03:54:03,-0.79,-0.63,-10.85,0,\N
26-10-2021 03:54:04,-1.03,0.26,-9.24,0,\N
26-10-2021 03:54:05,-0.1,0.71,-9.75,0,\N
26-10-2021 03:54:06,0.12,-0.72,-11.12,0,\N
26-10-2021 03:54:07,-0.66,-0.43,-11.27,0,\N
26-10-2021 03:54:08,-0.72,-0.51,-10.99,0,\N
26-10-2021 03:54:09,-0.06,0.27,-9.5,0,\N
26-10-2021 03:54:10,0.13,1.09,-9.42,0,\N
26-10-2021 03:54:11,0.04,-0.68,-11.29,0,\N
26-10-2021 03:54:12,0.12,-0.14,-9.73,0,\N
26-10-2021 03:54:13,0.6,-0.05,-11.06,0,\N
26-10-2021 03:54:14,-0.07,-0.76,-10.05,0,\N
26-10-2021 03:54:15,0.34,-0.48,-11.46,0,\N
26-10-2021 03:54:16,0.24,0.26,-10.37,0,\N
26-10-2021 03:54:17,0.14,0.59,-9.54,0,\N
26-10-2021 03:54:18,-0.05,-0.11,-10.04,0,\N
26-10-2021 03:54:19,-0.03,-0.28,-10.71,0,\N
26-10-2021 03:54:20,0.32,0.04,-10.47,0,\N
26-10-2021 03:54:21,-0.76,-0.16,-9.66,0,\N
26-10-2021 03:54:22,0.09,0.38,-10.11,0,\N
26-10-2021 03:54:23,-0.02,0.56,-10.06,0,\N
26-10-2021 03:54:24,-0.28,-0.35,-10.36,0,\N
26-10-2021 03:54:25,-0.23,0.39,-9.91,0,\N
26-10-2021 03:54:26,0.88,0.27,-10.37,0,\N
26-10-2021 03:54:27,0.12,0.3,-10.16,0,\N
26-10-2021 03:54:28,0.24,-0.11,-10.51,0,\N
26-10-2021 03:54:29,-0.23,-0.32,-9.83,0,\N
26-10-2021 03:54:30,0.29,-0.09,-11.07,0,\N
26-10-2021 03:54:31,0.12,0.14,-9.74,0,\N
26-10-2021 03:54:32,-0.31,-0.93,-11.16,0,\N
26-10-2021 03:54:33,-0.1,0.49,-9.43,0,\N
26-10-2021 03:54:34,-0.03,0.37,-9.84,0,\N
26-10-2021 03:54:35,0.43,0.47,-10.29,0,\N
26-10-2021 03:54:36,-0.57,-0.36,-9.95,0,\N
26-10-2021 03:54:37,0.21,0.84,-9.59,0,\N
26-10-2021 03:54:38,-0.32,-0.31,-9.98,0,\N
26-10-2021 03:54:39,-0.21,0.06,-9.68,0,\N
26-10-2021 03:54:40,0.49,0.07,-9.45,0,\N
26-10-2021 03:54:41,0.08,-0.25,-10.15,0,\N
26-10-2021 03:54:42,0.3,-1.07,-10.83,0,\N
26-10-2021 03:54:43,0.01,0.54,-10.6,0,\N
26-10-2021 03:54:44,0.61,0.53,-10.88,0,\N
26-10-2021 03:54:45,0.33,0.04,-9.88,0,\N
26-10-2021 03:54:46,0.21,0.16,-9.58,0,\N
26-10-2021 03:54:47,-0.57,-0.34,-9.46,0,\N
26-10-2021 03:54:48,0.52,0.11,-10.59,0,\N
26-10-2021 03:54:49,0.76,0.42,-10.46,0,\N
26-10-2021 03:54:50,0.08,0.27,-9.41,0,\N
26-10-2021 03:54:51,-0.14,-0.67,-10.73,0,\N
26-10-2021 03:54:52,-0.08,-0.65,-11.13,0,\N
26-10-2021 03:54:53,0.42,0.06,-10.72,0,\N
26-10-2021 03:54:54,0.19,0.57,-10.55,0,\N
26-10-2021 03:54:55,-0.44,-0.31,-9.81,0,\N
26-10-2021 03:54:56,0.51,0.64,-10.83,0,\N
26-10-2021 03:54:57,-0.06,-0.51,-9.98,0,\N
26-10-2021 03:54:58,-0.8,-0.41,-10.68,0,\N
26-10-2021 03:54:59,0.19,-0.99,-11.01,0,\N
26-10-2021 03:55:00,0.48,0.53,-10.43,0,\N
26-10-2021 03:55:01,-0.43,-0.88,-10.88,0,\N
26-10-2021 03:55:02,0.23,0.01,-11.35,0,\N
26-10-2021 03:55:03,0.1,0.09,-9.91,0,\N
26-10-2021 03:55:04,-0.38,-0.58,-10.44,0,\N
26-10-2021 03:55:05,-0.44,-0.18,-10.85,0,\N
26-10-2021 03:55:06,0.19,0.72,-9.98,0,\N
26-10-2021 03:55:07,-0.29,-0.92,-11.16,0,\N
26-10-2021 03:55:08,0.38,0.66,-11,0,\N
26-10-2021 03:55:09,-0.18,0.89,-9.49,0,\N
26-10-2021 03:55:10,-1.02,-0.83,-11.1,0,\N
26-10-2021 03:55:11,-0.07,-0.32,-10.41,0,\N
26-10-2021 03:55:12,0.32,0.26,-9.72,0,\N
26-10-2021 03:55:13,-0.67,0.07,-9.28,0,\N
26-10-2021 03:55:14,-0.33,0.35,-9.96,0,\N
26-10-2021 03:55:15,0.01,0.15,-10.57,0,\N
26-10-2021 03:55:16,-0.44,-0.65,-10.8,0,\N
26-10-2021 03:55:16,0.59,0.87,-9.23,0,\N
26-10-2021 03:55:17,-0.16,0.15,-9.9,0,\N
26-10-2021 03:55:18,0.07,0.13,-10.49,0,\N
26-10-2021 03:55:19,0.03,-0.33,-11.07,0,\N
26-10-2021 03:55:20,-0.37,0.46,-9.43,0,\N
26-10-2021 03:55:21,0.31,0.01,-9.93,0,\N
26-10-2021 03:55:22,0.01,0.17,-11.32,0,\N
26-10-2021 03:55:23,0.2,0.27,-10.38,0,\N
26-10-2021 03:55:24,0.92,0.57,-10.75,0,\N
26-10-2021 03:55:25,-0.7,-0.7,-11.24,0,\N
26-10-2021 03:55:26,-0.39,0.16,-9.57,0,\N
26-10-2021 03:55:27,-0.31,-1.44,-11.16,0,\N
26-10-2021 03:55:28,0.11,0.03,-10.64,0,\N
26-10-2021 03:55:29,0.69,0.47,-10.16,0,\N
26-10-2021 03:55:30,0.12,1.48,-9.31,0,\N
26-10-2021 03:55:31,-0.22,-0.02,-10.31,0,\N
26-10-2021 03:55:32,-0.32,0.39,-9.11,0,\N
26-10-2021 03:55:33,0.06,-1.05,-10.89,0,\N
26-10-2021 03:55:34,-0.44,-0.35,-9.61,0,\N
26-10-2021 03:55:35,0.5,0.57,-9.58,0,\N
26-10-2021 03:55:36,-0.63,-0.51,-10.67,0,\N
26-10-2021 03:55:37,-0.35,-0.56,-9.46,0,\N
26-10-2021 03:55:38,-0.17,-0.01,-10.01,0,\N
26-10-2021 03:55:39,0.41,-0.05,-9.49,0,\N
26-10-2021 03:55:40,-0.56,-0.45,-10.85,0,\N
26-10-2021 03:55:41,-0.02,-0.21,-9.9,0,\N
26-10-2021 03:55:42,0.62,0.12,-10.4,0,\N
26-10-2021 03:55:43,0.15,0.01,-9.82,0,\N
26-10-2021 03:55:44,-0.87,-0.88,-10.21,0,\N
26-10-2021 03:55:45,-0.03,-0.36,-10.2,0,\N
26-10-2021 03:55:46,-0.28,0.66,-9.5,0,\N
26-10-2021 03:55:47,-0.3,0.22,-10,0,\N
26-10-2021 03:55:48,0.59,0.48,-10.52,0,\N
26-10-2021 03:55:49,0.26,0.12,-9.8,0,\N
26-10-2021 03:55:50,-0.55,-0.34,-11.08,0,\N
26-10-2021 03:55:51,-0.47,0.38,-9.56,0,\N
26-10-2021 03:55:52,0.46,-0.15,-10.45,0,\N
26-10-2021 03:55:53,0.28,0.94,-9.31,0,\N
26-10-2021 03:55:54,-1.05,-0.13,-10.19,0,\N
26-10-2021 03:55:55,0.69,0.02,-10.39,0,\N
26-10-2021 03:55:56,0.49,0.44,-9.52,0,\N
26-10-2021 03:55:57,0.01,0.26,-10.09,0,\N
26-10-2021 03:55:58,0.35,0.8,-9.65,0,\N
26-10-2021 03:55:59,-0.9,-0.65,-10.19,0,\N
26-10-2021 03:56:00,-0.27,-0.48,-10.04,0,\N
26-10-2021 03:56:01,-0.76,-0.13,-10.88,0,\N
26-10-2021 03:56:02,0.13,0.23,-10.51,0,\N
26-10-2021 03:56:03,0.55,0.4,-10.58,0,\N
26-10-2021 03:56:04,0.47,0.39,-11.1,0,\N
26-10-2021 03:56:05,-0.12,0.19,-9.98,0,\N
26-10-2021 03:56:06,0.23,-0.14,-11.15,0,\N
26-10-2021 03:56:07,0.04,0.26,-10.47,0,\N
26-10-2021 03:56:08,0.44,-0.13,-10.78,0,\N
26-10-2021 03:56:09,0.58,0.35,-10.54,0,\N
26-10-2021 03:56:10,-0.46,0.79,-9.4,0,\N
26-10-2021 03:56:11,0.07,0.24,-10.7,0,\N
26-10-2021 03:56:12,0.49,0.43,-9.81,0,\N
26-10-2021 03:56:13,-0.9,-0.36,-10.64,0,\N
26-10-2021 03:56:14,0.29,0,-10.35,0,\N
26-10-2021 03:56:15,0.01,0.71,-10.63,0,\N
26-10-2021 03:56:16,0.43,-0.13,-10.21,0,\N
26-10-2021 03:56:17,-0.33,0.02,-9.42,0,\N
26-10-2021 03:56:18,0.03,0.73,-10.23,0,\N
26-10-2021 03:56:19,0.14,-0.7,-10.13,0,\N
26-10-2021 03:56:20,0.2,-0.23,-10.27,0,\N
26-10-2021 03:56:21,-0.45,-0.64,-10.86,0,\N
26-10-2021 03:56:22,0.91,0.95,-10.19,0,\N
26-10-2021 03:56:23,0.06,-0.04,-9.98,0,\N
26-10-2021 03:56:24,0.12,-0.43,-10.5,0,\N
26-10-2021 03:56:25,-0.07,0.23,-9.89,0,\N
26-10-2021 03:56:26,0.44,-0.65,-11.17,0,\N
26-10-2021 03:56:27,-0.06,0.06,-10.15,0,\N
26-10-2021 03:56:28,-0.65,-0.72,-11.62,0,\N
26-10-2021 03:56:29,-0.33,0.44,-9.94,0,\N
26-10-2021 03:56:30,0.39,-0.28,-10.35,0,\N
26-10-2021 03:56:31,-0.01,-0.14,-10.07,0,\N
26-10-2021 03:56:32,0.36,0.6,-9.57,0,\N
26-10-2021 03:56:33,0.12,0.27,-10.8,0,\N
26-10-2021 03:56:34,-0.05,0.03,-10.1,0,\N
26-10-2021 03:56:35,-0.3,-0.98,-12.2,0,\N
26-10-2021 03:56:36,0.78,0.17,-10.98,0,\N
26-10-2021 03:56:37,-0.87,-0.15,-10.79,0,\N
26-10-2021 03:56:38,0.13,0.07,-10.12,0,\N
26-10-2021 03:56:39,0.1,-0.34,-10.72,0,\N
26-10-2021 03:56:40,-0.7,-0.43,-9.3,0,\N
26-10-2021 03:56:41,-0.03,-0.17,-10.42,0,\N
26-10-2021 03:56:42,0.51,0.57,-10.32,0,\N
26-10-2021 03:56:43,-0.51,-0.3,-11.1,0,\N
26-10-2021 03:56:44,-0.23,-0.11,-9.75,0,\N
26-10-2021 03:56:45,0.67,0.72,-10.46,0,\N
26-10-2021 03:56:46,0.01,0.3,-10.49,0,\N
26-10-2021 03:56:47,-0.97,-0.57,-10.34,0,\N
26-10-2021 03:56:48,-0.24,0.1,-9.58,0,\N
26-10-2021 03:56:49,0.53,-0.22,-11.3,0,\N
26-10-2021 03:56:50,0,0,-10,0,\N
26-10-2021 03:56:51,0.69,0.21,-10.69,0,\N
26-10-2021 03:56:52,-0.79,0.62,-8.9,0,\N
26-10-2021 03:56:53,-0.12,0.39,-10.08,0,\N
26-10-2021 03:56:54,-0.63,-1.45,-11.06,0,\N
26-10-2021 03:56:55,0.62,0.25,-10.43,0,\N
26-10-2021 03:56:56,0.24,0.25,-9.39,0,\N
26-10-2021 03:56:57,-0.33,0.04,-11.07,0,\N
26-10-2021 03:56:58,0.12,0.35,-9.75,0,\N
26-10-2021 03:56:59,0.13,-0.41,-10.81,0,\N
26-10-2021 03:57:00,0.62,-0.07,-10.53,0,\N
26-10-2021 03:57:01,0.13,-0.91,-11.35,0,\N
26-10-2021 03:57:02,0.44,-0.01,-11.38,0,\N
26-10-2021 03:57:03,0.41,-0.19,-11.92,0,\N
26-10-2021 03:57:04,-0.17,0.18,-10.63,0,\N
26-10-2021 03:57:05,-0.04,0.32,-9.11,0,\N
26-10-2021 03:57:06,0.64,0.1,-9.86,0,\N
26-10-2021 03:57:07,0.03,-0.07,-10.41,0,\N
26-10-2021 03:57:08,0.57,0.16,-10.69,0,\N
26-10-2021 03:57:09,-0.14,0.25,-10.59,0,\N
26-10-2021 03:57:10,0.01,-0.4,-11.12,0,\N
26-10-2021 03:57:11,-0.1,0.12,-9.77,0,\N
26-10-2021 03:57:12,0.12,0.63,-9.77,0,\N
26-10-2021 03:57:13,-0.9,-0.23,-10.27,0,\N
26-10-2021 03:57:14,0.09,-0.14,-10.38,0,\N
26-10-2021 03:57:15,0.15,-0.43,-11.13,0,\N
26-10-2021 03:57:16,0,0.11,-9.58,0,\N
26-10-2021 03:57:17,0.88,0.55,-10.46,0,\N
26-10-2021 03:57:18,-0.69,-0.51,-10.83,0,\N
26-10-2021 03:57:19,-0.16,0.25,-10.37,0,\N
26-10-2021 03:57:20,0.03,0.14,-10.52,0,\N
26-10-2021 03:57:21,-0.22,-0.41,-10.76,0,\N
26-10-2021 03:57:22,0.36,-0.52,-10.92,0,\N
26-10-2021 03:57:23,0.1,1.02,-9.36,0,\N
26-10-2021 03:57:24,0.06,0.24,-9.76,0,\N
26-10-2021 03:57:25,0.19,0.62,-9.53,0,\N
26-10-2021 03:57:26,0.61,0.86,-10.02,0,\N
26-10-2021 03:57:27,-0.79,-0.17,-10.05,0,\N
26-10-2021 03:57:28,0.55,1.52,-9.06,0,\N
26-10-2021 03:57:29,0.2,-0.13,-10.83,0,\N
26-10-2021 03:57:30,0.28,0.17,-10.27,0,\N
26-10-2021 03:57:31,-0.05,0.5,-10.16,0,\N
26-10-2021 03:57:32,-0.92,-0.74,-10.89,0,\N
26-10-2021 03:57:33,0.58,-0.36,-10.79,0,\N
26-10-2021 03:57:34,-0.52,-0.45,-10.88,0,\N
26-10-2021 03:57:35,-0.08,0.11,-9.32,0,\N
26-10-2021 03:57:36,0.32,0.07,-11.18,0,\N
26-10-2021 03:57:37,0.22,-0.22,-10.09,0,\N
26-10-2021 03:57:38,-0.42,-0.61,-10.73,0,\N
26-10-2021 03:57:39,-0.28,0.61,-10.01,0,\N
26-10-2021 03:57:40,0.17,-0.55,-11.54,0,\N
26-10-2021 03:57:41,-0.49,-0.54,-10.53,0,\N
26-10-2021 03:57:42,0.53,0.01,-10.55,0,\N
26-10-2021 03:57:43,0.58,1.12,-10.13,0,\N
26-10-2021 03:57:44,-0.44,-0.93,-10.71,0,\N
26-10-2021 03:57:45,-0.23,-0.18,-10.3,0,\N
26-10-2021 03:57:46,0.06,-0.91,-10.43,0,\N
26-10-2021 03:57:47,-0.02,0.45,-10.35,0,\N
26-10-2021 03:57:48,-0.06,0.03,-10.7,0,\N
26-10-2021 03:57:49,0.27,0.33,-10.46,0,\N
26-10-2021 03:57:50,-0.43,-0.45,-10.57,0,\N
26-10-2021 03:57:51,0.59,0.23,-10.77,0,\N
26-10-2021 03:57:52,0.55,0.59,-10.2,0,\N
26-10-2021 03:57:53,-0.64,0.39,-9.81,0,\N
26-10-2021 03:57:54,-0.47,-1.21,-10.74,0,\N
26-10-2021 03:57:55,0.22,0.44,-9.78,0,\N
26-10-2021 03:57:56,0.14,-0.43,-10.95,0,\N
26-10-2021 03:57:57,-0.04,0.03,-10.01,0,\N
26-10-2021 03:57:58,0.93,0.54,-10.86,0,\N
26-10-2021 03:57:59,-0.87,-0.76,-11.58,0,\N
26-10-2021 03:58:00,-0.26,-0.76,-10.84,0,\N
26-10-2021 03:58:01,-0.1,0.47,-10.15,0,\N
26-10-2021 03:58:02,-0.5,-0.19,-10.61,0,\N
26-10-2021 03:58:03,-0.63,0.03,-9.54,0,\N
26-10-2021 03:58:04,0.59,-0.91,-11.04,0,\N
26-10-2021 03:58:05,0.04,0.84,-9.24,0,\N
26-10-2021 03:58:06,0.65,0.43,-10.57,0,\N
26-10-2021 03:58:07,-0.86,-0.76,-11.03,0,\N
26-10-2021 03:58:08,-0.48,-0.31,-10.11,0,\N
26-10-2021 03:58:09,0.18,0.74,-9.37,0,\N
26-10-2021 03:58:10,0.25,-0.37,-10.62,0,\N
26-10-2021 03:58:11,0.23,0,-9.73,0,\N
26-10-2021 03:58:12,0.2,0.93,-9.72,0,\N
26-10-2021 03:58:13,-0.57,-0.14,-10.51,0,\N
26-10-2021 03:58:14,0.23,0.47,-10.76,0,\N
26-10-2021 03:58:15,0.54,1.09,-10.16,0,\N
26-10-2021 03:58:16,-0.93,-0.22,-9.94,0,\N
26-10-2021 03:58:17,-0.29,0.33,-9.83,0,\N
26-10-2021 03:58:18,-0.15,0.12,-9.32,0,\N
26-10-2021 03:58:19,0.33,0,-10.31,0,\N
26-10-2021 03:58:20,-0.03,0.1,-10.69,0,\N
26-10-2021 03:58:21,0.01,0.45,-10.05,0,\N
26-10-2021 03:58:22,0.13,0.46,-8.98,0,\N
26-10-2021 03:58:23,-0.4,-0.22,-10.65,0,\N
26-10-2021 03:58:24,0.14,0.01,-10.07,0,\N
26-10-2021 03:58:25,0.53,-0.18,-11.11,0,\N
26-10-2021 03:58:26,-0.29,0.37,-9.81,0,\N
26-10-2021 03:58:27,-0.88,-0.48,-10.34,0,\N
26-10-2021 03:58:28,-0.35,0.07,-9.86,0,\N
26-10-2021 03:58:29,0.14,-0.27,-10.03,0,\N
26-10-2021 03:58:30,0.55,0.33,-10.88,0,\N
26-10-2021 03:58:31,-0.31,0.02,-10.12,0,\N
26-10-2021 03:58:32,0.61,-0.29,-10.35,0,\N
26-10-2021 03:58:33,-0.45,0.33,-9.14,0,\N
26-10-2021 03:58:34,-0.05,-0.63,-10.75,0,\N
26-10-2021 03:58:35,0.24,0.31,-9.9,0,\N
26-10-2021 03:58:35,0.74,0.52,-10.22,0,\N
26-10-2021 03:58:36,0.21,0.98,-8.88,0,\N
26-10-2021 03:58:37,-0.64,-0.02,-10.67,0,\N
26-10-2021 03:58:38,-0.11,-0.61,-11.12,0,\N
26-10-2021 03:58:39,0.77,0.23,-11.54,0,\N
26-10-2021 03:58:40,-0.44,-0.37,-9.58,0,\N
26-10-2021 03:58:41,0.37,-0.68,-10.29,0,\N
26-10-2021 03:58:42,-0.71,0.15,-10.17,0,\N
26-10-2021 03:58:43,-0.12,-0.9,-11.31,0,\N
26-10-2021 03:58:44,-0.19,-0.64,-10.86,0,\N
26-10-2021 03:58:45,0.26,1.08,-9.32,0,\N
26-10-2021 03:58:46,0,-0.02,-10.05,0,\N
26-10-2021 03:58:47,-0.33,-1.42,-11.24,0,\N
26-10-2021 03:58:48,-0.13,-0.12,-10.9,0,\N
26-10-2021 03:58:49,0.4,0.61,-10.36,0,\N
26-10-2021 03:58:50,0.24,-0.61,-9.96,0,\N
26-10-2021 03:58:51,0.13,-0.48,-9.86,0,\N
26-10-2021 03:58:52,0.22,0.93,-9.91,0,\N
26-10-2021 03:58:53,0.3,-0.48,-10.74,0,\N
26-10-2021 03:58:54,0.39,1.42,-9.7,0,\N
26-10-2021 03:58:55,0.07,0.11,-9.89,0,\N
26-10-2021 03:58:56,0.03,0.67,-9.91,0,\N
26-10-2021 03:58:57,1.07,0.09,-10.63,0,\N
26-10-2021 03:58:58,0.84,0.57,-9.85,0,\N
26-10-2021 03:58:59,-0.39,1,-8.19,0,\N
26-10-2021 03:59:00,0.28,-0.08,-10.59,0,\N
26-10-2021 03:59:01,0.43,-0.17,-10.67,0,\N
26-10-2021 03:59:02,0.49,-0.13,-10.9,0,\N
26-10-2021 03:59:03,-1.02,-0.57,-10.51,0,\N
26-10-2021 03:59:04,0.19,-0.65,-10.97,0,\N
26-10-2021 03:59:05,-0.14,-0.04,-10.5,0,\N
26-10-2021 03:59:06,-0.27,0.12,-9.75,0,\N
26-10-2021 03:59:07,0.67,0.93,-9.71,0,\N
26-10-2021 03:59:08,0.09,-0.27,-10.08,0,\N
26-10-2021 03:59:09,-0.39,-0.28,-10.89,0,\N
26-10-2021 03:59:10,0.3,0.74,-9.24,0,\N
26-10-2021 03:59:11,-0.14,-0.52,-9.97,0,\N
26-10-2021 03:59:12,0.03,-0.28,-10.06,0,\N
26-10-2021 03:59:13,-0.09,0.25,-10.95,0,\N
26-10-2021 03:59:14,0.21,0.26,-10.56,0,\N
26-10-2021 03:59:15,-0.5,-0.23,-10.53,0,\N
26-10-2021 03:59:16,0.16,-0.19,-8.94,0,\N
26-10-2021 03:59:17,-0.53,0.06,-10.07,0,\N
26-10-2021 03:59:18,0.09,-0.3,-10.62,0,\N
26-10-2021 03:59:19,0.28,0.42,-10.67,0,\N
26-10-2021 03:59:20,-0.44,-0.65,-11.58,0,\N
26-10-2021 03:59:21,0.13,-0.12,-9.96,0,\N
26-10-2021 03:59:22,0.31,-0.01,-9.1,0,\N
26-10-2021 03:59:23,0.29,-0.37,-10.89,0,\N
26-10-2021 03:59:24,0.14,0.03,-10.83,0,\N
26-10-2021 03:59:25,0.56,-0.11,-11.09,0,\N
26-10-2021 03:59:26,-0.32,-0.15,-10.49,0,\N
26-10-2021 03:59:27,0.31,0.76,-9.66,0,\N
26-10-2021 03:59:28,-0.03,0.12,-11.49,0,\N
26-10-2021 03:59:29,-0.47,-0.81,-10.52,0,\N
26-10-2021 03:59:30,0.44,-0.23,-11.35,0,\N
26-10-2021 03:59:31,0.53,1.3,-9.47,0,\N
26-10-2021 03:59:32,-0.43,-0.66,-10.45,0,\N
26-10-2021 03:59:33,0.28,-0.3,-10.7,0,\N
26-10-2021 03:59:34,0.31,-0.24,-10.99,0,\N
26-10-2021 03:59:35,0.15,0.41,-10.19,0,\N
26-10-2021 03:59:36,-0.21,0.58,-10.64,0,\N
26-10-2021 03:59:37,-0.42,-0.9,-10.76,0,\N
26-10-2021 03:59:38,0.05,0.26,-9.87,0,\N
26-10-2021 03:59:39,-0.45,-0.31,-10.63,0,\N
26-10-2021 03:59:40,0.02,0.19,-9.86,0,\N
26-10-2021 03:59:41,0.03,-0.48,-10.68,0,\N
26-10-2021 03:59:42,-0.49,0.55,-10.43,0,\N
26-10-2021 03:59:43,0.32,0.26,-9.66,0,\N
26-10-2021 03:59:44,0.92,0.43,-10.53,0,\N
26-10-2021 03:59:45,0,-0.04,-10.74,0,\N
26-10-2021 03:59:46,-0.66,0.32,-10.08,0,\N
26-10-2021 03:59:47,-0.28,-0.46,-11.27,0,\N
26-10-2021 03:59:48,0.54,-0.38,-10.74,0,\N
26-10-2021 03:59:49,0.2,0.8,-8.9,0,\N
26-10-2021 03:59:50,0.19,0.28,-10.49,0,\N
26-10-2021 03:59:51,0.33,-0.12,-10.86,0,\N
26-10-2021 03:59:52,-0.33,-0.31,-9.64,0,\N
26-10-2021 03:59:53,0.08,-0.25,-10.19,0,\N
26-10-2021 03:59:54,0.17,0.27,-9.71,0,\N
26-10-2021 03:59:55,0.5,-0.08,-9.92,0,\N
26-10-2021 03:59:56,-0.25,-0.08,-10.48,0,\N
26-10-2021 03:59:57,-0.29,-0.91,-10.93,0,\N
26-10-2021 03:59:58,-0.02,0.61,-10.19,0,\N
26-10-2021 03:59:59,-0.51,0.06,-9.73,0,\N
26-10-2021 04:00:00,-0.39,-0.47,-10.58,0,\N
26-10-2021 04:00:01,-0.66,-0.79,-11.23,0,\N
26-10-2021 04:00:02,0.69,-0.07,-10.42,0,\N
26-10-2021 04:00:03,0.03,-0.16,-10.01,0,\N
26-10-2021 04:00:04,-0.41,-0.48,-10.68,0,\N
26-10-2021 04:00:05,-0.17,0.05,-9.85,0,\N
26-10-2021 04:00:06,0.46,0.1,-10.83,0,\N
26-10-2021 04:00:07,0.44,-0.14,-11.18,0,\N
26-10-2021 04:00:08,-0.16,0.35,-10.11,0,\N
26-10-2021 04:00:09,0.01,-0.92,-11.22,0,\N
26-10-2021 04:00:10,-0.27,-0.16,-11.17,0,\N
26-10-2021 04:00:11,0.64,-0.9,-10.85,0,\N
26-10-2021 04:00:12,0.15,0,-9.81,0,\N
26-10-2021 04:00:13,0.56,-0.21,-11.18,0,\N
26-10-2021 04:00:14,0.49,0.49,-10.48,0,\N
26-10-2021 04:00:15,0.01,0.16,-10.01,0,\N
26-10-2021 04:00:16,-0.38,-0.5,-10.43,0,\N
26-10-2021 04:00:17,-0.34,-0.54,-10.65,0,\N
26-10-2021 04:00:18,-0.88,0.32,-9.59,0,\N
26-10-2021 04:00:19,-0.32,-0.38,-9.94,0,\N
26-10-2021 04:00:20,0.38,-0.33,-10.61,0,\N
26-10-2021 04:00:21,-0.29,-0.25,-10.6,0,\N
26-10-2021 04:00:22,-0.05,-0.7,-11.18,0,\N
26-10-2021 04:00:23,-0.45,-0.27,-10.32,0,\N
26-10-2021 04:00:24,-0.05,-0.13,-10.38,0,\N
26-10-2021 04:00:25,0.33,0.14,-9.98,0,\N
26-10-2021 04:00:26,0.26,0.02,-10.32,0,\N
26-10-2021 04:00:27,0.13,-0.32,-12.13,0,\N
26-10-2021 04:00:28,0.13,-0.59,-10.15,0,\N
26-10-2021 04:00:29,-0.86,-0.27,-10.45,0,\N
26-10-2021 04:00:30,-0.05,0.41,-9.87,0,\N
26-10-2021 04:00:31,0.01,-0.18,-10.2,0,\N
26-10-2021 04:00:32,0.15,-0.11,-10.57,0,\N
26-10-2021 04:00:33,-0.11,-0.2,-11,0,\N
26-10-2021 04:00:34,0.09,0.51,-9.89,0,\N
26-10-2021 04:00:35,-0.06,0.46,-10.37,0,\N
26-10-2021 04:00:36,-0.04,0.15,-10.57,0,\N
26-10-2021 04:00:37,0,-0.9,-11.45,0,\N
26-10-2021 04:00:38,0.49,-0.09,-10.52,0,\N
26-10-2021 04:00:39,-0.42,0.7,-8.77,0,\N
26-10-2021 04:00:40,0.55,0.57,-10.35,0,\N
26-10-2021 04:00:41,-0.35,-0.05,-10.44,0,\N
26-10-2021 04:00:42,-0.16,-0.63,-10.44,0,\N
26-10-2021 04:00:43,0.41,-0.02,-10.45,0,\N
26-10-2021 04:00:44,-0.04,0.21,-9.98,0,\N
26-10-2021 04:00:45,-0.06,0.36,-10.4,0,\N
26-10-2021 04:00:46,-0.31,-0.11,-10.34,0,\N
26-10-2021 04:00:47,0.48,0.24,-11.42,0,\N
26-10-2021 04:00:48,-0.1,0.73,-9.58,0,\N
26-10-2021 04:00:49,-0.11,-0.46,-10.48,0,\N
26-10-2021 04:00:50,0.29,0.17,-9.64,0,\N
26-10-2021 04:00:51,-0.33,-0.35,-11.01,0,\N
26-10-2021 04:00:52,0.25,-0.07,-10,0,\N
26-10-2021 04:00:53,0.28,-0.21,-11.02,0,\N
26-10-2021 04:00:54,0.05,0.54,-9.29,0,\N
26-10-2021 04:00:55,0.1,0.09,-9.78,0,\N
26-10-2021 04:00:56,0.02,-0.48,-10.48,0,\N
26-10-2021 04:00:57,-0.45,-0.26,-10.5,0,\N
26-10-2021 04:00:58,0.69,0.11,-10.82,0,\N
26-10-2021 04:00:59,-0.15,-0.09,-9.9,0,\N
26-10-2021 04:01:00,-0.08,-0.64,-10.9,0,\N
26-10-2021 04:01:01,0.37,0.21,-10.12,0,\N
26-10-2021 04:01:02,0.53,0.45,-10.67,0,\N
26-10-2021 04:01:03,-0.2,-0.01,-9.89,0,\N
26-10-2021 04:01:04,-0.26,-0.27,-10.68,0,\N
26-10-2021 04:01:05,0.72,0.52,-9.31,0,\N
26-10-2021 04:01:06,0.19,0.47,-9.59,0,\N
26-10-2021 04:01:07,0.15,-0.19,-9.58,0,\N
26-10-2021 04:01:08,0.03,1.21,-9.35,0,\N
26-10-2021 04:01:09,-0.14,-0.28,-10.4,0,\N
26-10-2021 04:01:10,0.27,-0.06,-10.81,0,\N
26-10-2021 04:01:11,0.67,0.19,-10.95,0,\N
26-10-2021 04:01:12,0.42,0.36,-10.46,0,\N
26-10-2021 04:01:13,0.56,0.21,-11.02,0,\N
26-10-2021 04:01:14,-0.44,0.57,-9.07,0,\N
26-10-2021 04:01:15,-0.4,-0.73,-11.11,0,\N
26-10-2021 04:01:16,0.41,0.66,-10.62,0,\N
26-10-2021 04:01:17,0.43,0.3,-10.22,0,\N
26-10-2021 04:01:18,-0.37,-0.25,-10.83,0,\N
26-10-2021 04:01:19,-0.45,0.37,-9.54,0,\N
26-10-2021 04:01:20,0.16,-0.15,-10.73,0,\N
26-10-2021 04:01:21,-0.06,-0.71,-10.84,0,\N
26-10-2021 04:01:22,0.67,-0.19,-10.61,0,\N
26-10-2021 04:01:23,-0.07,-0.2,-10.84,0,\N
26-10-2021 04:01:24,-0.11,0.23,-10.1,0,\N
26-10-2021 04:01:25,-0.45,0.19,-10.64,0,\N
26-10-2021 04:01:26,-0.12,0.45,-9.69,0,\N
26-10-2021 04:01:27,0.37,-0.43,-11.37,0,\N
26-10-2021 04:01:28,-0.9,-1.06,-10.57,0,\N
26-10-2021 04:01:29,-1.18,-0.74,-10.68,0,\N
26-10-2021 04:01:30,0.31,0.12,-10.07,0,\N
26-10-2021 04:01:31,-0.04,0.99,-9.64,0,\N
26-10-2021 04:01:32,-0.05,-0.95,-10.97,0,\N
26-10-2021 04:01:33,0.43,-0.1,-10.83,0,\N
26-10-2021 04:01:34,0.93,0.08,-11.15,0,\N
26-10-2021 04:01:35,-0.16,-0.59,-10.89,0,\N
26-10-2021 04:01:36,0.27,0.46,-9.73,0,\N
26-10-2021 04:01:37,-0.64,0.09,-9.81,0,\N
26-10-2021 04:01:38,-0.04,-0.36,-10.83,0,\N
26-10-2021 04:01:39,-0.7,-0.84,-9.98,0,\N
26-10-2021 04:01:40,-0.54,0.04,-9.98,0,\N
26-10-2021 04:01:41,-0.4,-0.14,-9.65,0,\N
26-10-2021 04:01:42,-0.59,-0.35,-10.52,0,\N
26-10-2021 04:01:43,0.25,0.05,-9.76,0,\N
26-10-2021 04:01:44,0.41,0.4,-10.52,0,\N
26-10-2021 04:01:45,0.85,0.06,-10.61,0,\N
26-10-2021 04:01:46,-0.32,-0.25,-9.68,0,\N
26-10-2021 04:01:47,-0.28,-0.08,-9.65,0,\N
26-10-2021 04:01:48,0.06,-0.25,-11.45,0,\N
26-10-2021 04:01:49,-0.6,-0.3,-10.45,0,\N
26-10-2021 04:01:50,0.54,-0.07,-11,0,\N
26-10-2021 04:01:51,0.16,0.63,-10.22,0,\N
26-10-2021 04:01:52,-0.98,-0.19,-11.2,0,\N
26-10-2021 04:01:53,-0.17,-0.54,-10.23,0,\N
26-10-2021 04:01:54,-0.21,0.82,-9.83,0,\N
26-10-2021 04:01:54,-0.18,-0.07,-10.87,0,\N
26-10-2021 04:01:55,-1.13,-0.45,-10.78,0,\N
26-10-2021 04:01:56,-0.07,-0.63,-10.56,0,\N
26-10-2021 04:01:57,0.14,0.64,-9.46,0,\N
26-10-2021 04:01:58,0.28,-0.51,-10.74,0,\N
26-10-2021 04:01:59,0.43,-0.08,-10.83,0,\N
26-10-2021 04:02:00,0.26,0.61,-10.54,0,\N
26-10-2021 04:02:01,0.06,0.17,-9.88,0,\N
26-10-2021 04:02:02,-0.45,-1.03,-11.34,0,\N
26-10-2021 04:02:03,-0.35,0.34,-10.22,0,\N
26-10-2021 04:02:04,-0.01,-0.19,-10.53,0,\N
26-10-2021 04:02:05,-0.56,0.47,-10.22,0,\N
26-10-2021 04:02:06,0.2,-0.2,-9.79,0,\N
26-10-2021 04:02:07,0.33,-0.57,-11.4,0,\N
26-10-2021 04:02:08,0.57,0.99,-9.75,0,\N
26-10-2021 04:02:09,-0.96,0.16,-9.89,0,\N
26-10-2021 04:02:10,0.18,0.98,-9.12,0,\N
26-10-2021 04:02:11,-0.02,0.09,-9.62,0,\N
26-10-2021 04:02:12,-0.03,-0.61,-11.37,0,\N
26-10-2021 04:02:13,-0.05,-1.53,-10.85,0,\N
26-10-2021 04:02:14,0.22,0.38,-11.2,0,\N
26-10-2021 04:02:15,0.01,0.71,-9.17,0,\N
26-10-2021 04:02:16,-0.05,-0.02,-10.13,0,\N
26-10-2021 04:02:17,-0.07,0.22,-8.92,0,\N
26-10-2021 04:02:18,-0.76,-0.58,-11.11,0,\N
26-10-2021 04:02:19,0.75,0.73,-10.13,0,\N
26-10-2021 04:02:20,-0.64,0.88,-9.61,0,\N
26-10-2021 04:02:21,-0.31,-0.6,-11.51,0,\N
26-10-2021 04:02:22,-0.02,0.03,-10,0,\N
26-10-2021 04:02:23,-0.07,-0.68,-11.03,0,\N
26-10-2021 04:02:24,-0.15,-0.69,-10.22,0,\N
26-10-2021 04:02:25,0.27,0.78,-9.89,0,\N
26-10-2021 04:02:26,0.29,0.37,-9.89,0,\N
26-10-2021 04:02:27,0.42,-0.38,-11.02,0,\N
26-10-2021 04:02:28,0.11,0.19,-9.6,0,\N
26-10-2021 04:02:29,0.62,0.37,-10.38,0,\N
26-10-2021 04:02:30,0.12,0.65,-9.56,0,\N
26-10-2021 04:02:31,0.03,-1.45,-11.75,0,\N
26-10-2021 04:02:32,-0.51,0.28,-9.76,0,\N
26-10-2021 04:02:33,0.17,0.46,-9.78,0,\N
26-10-2021 04:02:34,0.32,-0.24,-11.14,0,\N
26-10-2021 04:02:35,-0.58,0.82,-9.89,0,\N
26-10-2021 04:02:36,0.16,1.03,-9.73,0,\N
26-10-2021 04:02:37,0.13,-0.44,-10.86,0,\N
26-10-2021 04:02:38,-0.1,-0.01,-10.51,0,\N
26-10-2021 04:02:39,0.03,1.06,-9.42,0,\N
26-10-2021 04:02:40,0.33,-0.26,-10.57,0,\N
26-10-2021 04:02:41,0.07,-0.06,-10.01,0,\N
26-10-2021 04:02:42,0.76,0.14,-10.99,0,\N
26-10-2021 04:02:43,0.03,-0.48,-11.15,0,\N
26-10-2021 04:02:44,0.19,0.45,-10.19,0,\N
26-10-2021 04:02:45,-0.35,-0.35,-11.12,0,\N
26-10-2021 04:02:46,0.54,0.95,-9.02,0,\N
26-10-2021 04:02:47,0.39,0.49,-10.19,0,\N
26-10-2021 04:02:48,0.03,-0.7,-11.08,0,\N
26-10-2021 04:02:49,0.35,0.25,-10.18,0,\N
26-10-2021 04:02:50,0.83,0.37,-10.98,0,\N
26-10-2021 04:02:51,-0.01,-0.21,-11.08,0,\N
26-10-2021 04:02:52,-0.1,-0.09,-10.14,0,\N
26-10-2021 04:02:53,0.23,-0.38,-10.46,0,\N
26-10-2021 04:02:54,0.18,-0.89,-10.83,0,\N
26-10-2021 04:02:55,0.61,0.01,-11.23,0,\N
26-10-2021 04:02:56,0.04,-0.2,-9.92,0,\N
26-10-2021 04:02:57,-0.81,-0.88,-10.22,0,\N
26-10-2021 04:02:58,0.11,0.32,-10.13,0,\N
26-10-2021 04:02:59,-0.44,-0.78,-10.18,0,\N
26-10-2021 04:03:00,-0.25,-0.31,-10.63,0,\N
26-10-2021 04:03:01,0.17,-0.11,-9.24,0,\N
26-10-2021 04:03:02,0.33,-0.23,-10.4,0,\N
26-10-2021 04:03:03,0.23,-0.13,-10.41,0,\N
26-10-2021 04:03:04,0.91,0.35,-10.86,0,\N
26-10-2021 04:03:05,0.28,0.51,-10.05,0,\N
26-10-2021 04:03:06,0.04,0.18,-9.47,0,\N
26-10-2021 04:03:07,0.19,0.45,-10.34,0,\N
26-10-2021 04:03:08,-0.11,0.59,-9.21,0,\N
26-10-2021 04:03:09,0.46,0.68,-9.46,0,\N
26-10-2021 04:03:10,0.08,0.07,-10.32,0,\N
26-10-2021 04:03:11,0.62,-0.07,-11.16,0,\N
26-10-2021 04:03:12,0.49,0.25,-11.19,0,\N
26-10-2021 04:03:13,-0.23,0.17,-9.54,0,\N
26-10-2021 04:03:14,-0.49,-0.43,-10.42,0,\N
26-10-2021 04:03:15,0.22,-0.88,-11.23,0,\N
26-10-2021 04:03:16,0.39,-0.77,-10.99,0,\N
26-10-2021 04:03:17,-0.08,-0.28,-10.12,0,\N
26-10-2021 04:03:18,0.25,0.28,-9.66,0,\N
26-10-2021 04:03:19,-0.06,0.39,-9.46,0,\N
26-10-2021 04:03:20,-0.24,0.38,-10.36,0,\N
26-10-2021 04:03:21,0.36,0.33,-10.54,0,\N
26-10-2021 04:03:22,0.45,0.35,-10.65,0,\N
26-10-2021 04:03:23,0.05,0.63,-10,0,\N
26-10-2021 04:03:24,0.12,0.6,-9.89,0,\N
26-10-2021 04:03:25,-0.27,0.12,-10.34,0,\N
26-10-2021 04:03:26,0.35,0.04,-10.62,0,\N
26-10-2021 04:03:27,-0.05,-0.28,-10.89,0,\N
26-10-2021 04:03:28,-0.02,0.83,-9.61,0,\N
26-10-2021 04:03:29,-0.64,-0.54,-10.89,0,\N
26-10-2021 04:03:30,0.35,1.19,-9.71,0,\N
26-10-2021 04:03:31,0.29,-0.4,-10.55,0,\N
26-10-2021 04:03:32,0.69,-0.1,-10.8,0,\N
26-10-2021 04:03:33,0.1,0.4,-9.45,0,\N
26-10-2021 04:03:34,-0.53,-0.82,-10.66,0,\N
26-10-2021 04:03:35,-0.22,0.45,-9.18,0,\N
26-10-2021 04:03:36,0.23,-0.14,-10.66,0,\N
26-10-2021 04:03:37,0.13,-1.05,-10.97,0,\N
26-10-2021 04:03:38,0.47,0.26,-10.26,0,\N
26-10-2021 04:03:39,0.3,0.41,-9.55,0,\N
26-10-2021 04:03:40,-0.55,-0.27,-10.87,0,\N
26-10-2021 04:03:41,0.15,0.34,-9.63,0,\N
26-10-2021 04:03:42,-0.38,-0.1,-10.84,0,\N
26-10-2021 04:03:43,-0.02,-0.76,-10.53,0,\N
26-10-2021 04:03:44,0.13,-0.28,-11.42,0,\N
26-10-2021 04:03:45,-0.67,-0.85,-11.38,0,\N
26-10-2021 04:03:46,0.19,0.31,-10.04,0,\N
26-10-2021 04:03:47,0.02,-1.11,-10.61,0,\N
26-10-2021 04:03:48,0.09,-0.54,-10.78,0,\N
26-10-2021 04:03:49,0.61,1.03,-10.09,0,\N
26-10-2021 04:03:50,-0.42,-0.58,-10.25,0,\N
26-10-2021 04:03:51,-0.18,-0.22,-9.88,0,\N
26-10-2021 04:03:52,0.19,0.01,-9.45,0,\N
26-10-2021 04:03:53,-0.16,0.03,-10.5,0,\N
26-10-2021 04:03:54,-0.02,-0.02,-10.13,0,\N
26-10-2021 04:03:55,-0.81,-0.63,-10.99,0,\N
26-10-2021 04:03:56,-0.28,0.32,-10.66,0,\N
26-10-2021 04:03:57,-0.27,-0.01,-11.36,0,\N
26-10-2021 04:03:58,-0.07,0.62,-9.87,0,\N
26-10-2021 04:03:59,0.69,-0.71,-11.11,0,\N
26-10-2021 04:04:00,-0.26,0.17,-8.96,0,\N
26-10-2021 04:04:01,-0.24,-0.61,-10.48,0,\N
26-10-2021 04:04:02,0.48,0.21,-9.58,0,\N
26-10-2021 04:04:03,0.25,-0.5,-11.47,0,\N
26-10-2021 04:04:04,-0.19,0.89,-9.87,0,\N
26-10-2021 04:04:05,0.61,-0.06,-10.32,0,\N
26-10-2021 04:04:06,-0.53,-0.48,-10.42,0,\N
26-10-2021 04:04:07,-0.1,0.51,-10.2,0,\N
26-10-2021 04:04:08,0.3,1.33,-8.39,0,\N
26-10-2021 04:04:09,-0.11,-0.67,-10.15,0,\N
26-10-2021 04:04:10,0.1,0.21,-10.28,0,\N
26-10-2021 04:04:11,-0.28,-0.11,-9.92,0,\N
26-10-2021 04:04:12,0.1,0.07,-11,0,\N
26-10-2021 04:04:13,0.7,0.82,-10.66,0,\N
26-10-2021 04:04:14,-0.22,-0.44,-11.08,0,\N
26-10-2021 04:04:15,-0.07,0.19,-9.63,0,\N
26-10-2021 04:04:16,-0.16,0.23,-10.39,0,\N
26-10-2021 04:04:17,-0.13,-1.02,-11.12,0,\N
26-10-2021 04:04:18,0.22,0.57,-11.01,0,\N
26-10-2021 04:04:19,-0.32,-0.25,-10.54,0,\N
26-10-2021 04:04:20,-0.61,-0.79,-11.28,0,\N
26-10-2021 04:04:21,0.51,-0.29,-11.18,0,\N
26-10-2021 04:04:22,-0.09,0.27,-9.4,0,\N
26-10-2021 04:04:23,-0.02,-0.23,-10.77,0,\N
26-10-2021 04:04:24,0.22,0.29,-10.45,0,\N
26-10-2021 04:04:25,-0.13,0.29,-10.65,0,\N
26-10-2021 04:04:26,0.82,0.35,-11.1,0,\N
26-10-2021 04:04:27,0.67,0.52,-10.84,0,\N
26-10-2021 04:04:28,0.16,-0.7,-10.04,0,\N
26-10-2021 04:04:29,-0.51,-0.79,-11.24,0,\N
26-10-2021 04:04:30,0.12,1,-9.1,0,\N
26-10-2021 04:04:31,-0.04,0.48,-9.46,0,\N
26-10-2021 04:04:32,-0.84,-0.55,-10.37,0,\N
26-10-2021 04:04:33,-0.15,-0.73,-10.72,0,\N
26-10-2021 04:04:34,0.26,-0.14,-10.44,0,\N
26-10-2021 04:04:35,-0.47,-0.12,-10.6,0,\N
26-10-2021 04:04:36,0,-0.09,-10.05,0,\N
26-10-2021 04:04:37,-0.37,-0.46,-11.19,0,\N
26-10-2021 04:04:38,0,0.01,-10.09,0,\N
26-10-2021 04:04:39,0.36,0.53,-9.49,0,\N
26-10-2021 04:04:40,-0.39,-0.76,-10.4,0,\N
26-10-2021 04:04:41,-0.49,0.31,-10.57,0,\N
26-10-2021 04:04:42,-0.02,0.32,-9.43,0,\N
26-10-2021 04:04:43,-0.08,-0.32,-10.69,0,\N
26-10-2021 04:04:44,0.49,-0.01,-10.07,0,\N
26-10-2021 04:04:45,-0.11,-0.5,-10.24,0,\N
26-10-2021 04:04:46,0.06,0.09,-8.91,0,\N
26-10-2021 04:04:47,-0.26,-0.31,-11.06,0,\N
26-10-2021 04:04:48,-0.16,-0.38,-9.59,0,\N
26-10-2021 04:04:49,0.38,0.46,-10.71,0,\N
26-10-2021 04:04:50,-0.15,0.87,-8.98,0,\N
26-10-2021 04:04:51,-0.24,-0.08,-10.84,0,\N
26-10-2021 04:04:52,1,0.46,-10.41,0,\N
26-10-2021 04:04:53,-0.25,-1.1,-10.67,0,\N
26-10-2021 04:04:54,-0.55,-0.53,-10.34,0,\N
26-10-2021 04:04:55,-0.34,-0.17,-10.48,0,\N
26-10-2021 04:04:56,0.41,-0.4,-10.59,0,\N
26-10-2021 04:04:57,0.7,-0.2,-11.81,0,\N
26-10-2021 04:04:58,0.09,0.38,-9.65,0,\N
26-10-2021 04:04:59,0,-0.04,-11.21,0,\N
26-10-2021 04:05:00,0.42,1.05,-9.72,0,\N
26-10-2021 04:05:01,-0.55,-0.11,-10.27,0,\N
26-10-2021 04:05:02,0.23,-1.39,-11.29,0,\N
26-10-2021 04:05:03,-0.04,-0.07,-10.64,0,\N
26-10-2021 04:05:04,-0.42,-0.87,-11.07,0,\N
26-10-2021 04:05:05,0.11,-0.15,-10.23,0,\N
26-10-2021 04:05:06,0.4,0.63,-10.63,0,\N
26-10-2021 04:05:07,0.5,0.03,-10.18,0,\N
26-10-2021 04:05:08,0.05,-0.28,-10.75,0,\N
26-10-2021 04:05:09,0.46,0.45,-11.2,0,\N
26-10-2021 04:05:10,0.68,0.5,-9.43,0,\N
26-10-2021 04:05:11,-0.22,-0.05,-10.63,0,\N
26-10-2021 04:05:12,-0.51,0.68,-9.2,0,\N
26-10-2021 04:05:13,-0.16,-0.34,-10.38,0,\N
26-10-2021 04:05:13,0.72,0.26,-10.42,0,\N
26-10-2021 04:05:14,0.3,-0.34,-11.55,0,\N
26-10-2021 04:05:15,0.28,0.81,-10.51,0,\N
26-10-2021 04:05:16,-0.26,-0.03,-10.17,0,\N
26-10-2021 04:05:17,-0.04,-0.96,-10.69,0,\N
26-10-2021 04:05:18,0.63,0.05,-9.98,0,\N
26-10-2021 04:05:19,-0.24,-0.69,-11.75,0,\N
26-10-2021 04:05:20,-0.58,-0.61,-10.43,0,\N
26-10-2021 04:05:21,0.41,0.91,-10.25,0,\N
26-10-2021 04:05:22,0.14,0.76,-9.55,0,\N
26-10-2021 04:05:23,-0.35,-0.43,-10.47,0,\N
26-10-2021 04:05:24,0.61,-0.49,-10.75,0,\N
26-10-2021 04:05:25,0.49,-0.04,-10.79,0,\N
26-10-2021 04:05:26,-0.22,0.14,-10.3,0,\N
26-10-2021 04:05:27,-0.76,-0.54,-10.86,0,\N
26-10-2021 04:05:28,0.34,-0.51,-10.53,0,\N
26-10-2021 04:05:29,0.32,0.51,-9.78,0,\N
26-10-2021 04:05:30,0.38,-0.39,-10.18,0,\N
26-10-2021 04:05:31,0.29,0.06,-10.49,0,\N
26-10-2021 04:05:32,0.78,0.01,-10.95,0,\N
26-10-2021 04:05:33,-0.36,0.36,-9.98,0,\N
26-10-2021 04:05:34,-0.13,0.31,-10,0,\N
26-10-2021 04:05:35,-0.14,0.78,-9.49,0,\N
26-10-2021 04:05:36,0.05,0.11,-9.65,0,\N
26-10-2021 04:05:37,0.13,-0.05,-11.1,0,\N
26-10-2021 04:05:38,-0.03,0.24,-10.45,0,\N
26-10-2021 04:05:39,-0.31,-0.02,-9.8,0,\N
26-10-2021 04:05:40,-0.4,0.34,-10.4,0,\N
26-10-2021 04:05:41,-0.34,0.08,-10.7,0,\N
26-10-2021 04:05:42,0.28,0.55,-11,0,\N
26-10-2021 04:05:43,0.72,0.8,-9.87,0,\N
26-10-2021 04:05:44,0.01,0.3,-9.48,0,\N
26-10-2021 04:05:45,-0.01,-0.83,-11.54,0,\N
26-10-2021 04:05:46,0.14,-0.34,-9.76,0,\N
26-10-2021 04:05:47,0.16,-0.22,-11.35,0,\N
26-10-2021 04:05:48,-0.08,-0.16,-11.36,0,\N
26-10-2021 04:05:49,0.5,1.39,-10.01,0,\N
26-10-2021 04:05:50,-0.22,0.01,-10.25,0,\N
26-10-2021 04:05:51,-0.37,-0.37,-11.14,0,\N
26-10-2021 04:05:52,-0.3,0.45,-9.06,0,\N
26-10-2021 04:05:53,-0.79,-1.29,-11.54,0,\N
26-10-2021 04:05:54,-0.66,-0.11,-10.76,0,\N
26-10-2021 04:05:55,0.84,-0.31,-10.6,0,\N
26-10-2021 04:05:56,0.32,0.31,-9.95,0,\N
26-10-2021 04:05:57,-0.81,-0.84,-10.38,0,\N
26-10-2021 04:05:58,-0.12,-0.12,-10.14,0,\N
26-10-2021 04:05:59,0.66,0.02,-11.61,0,\N
26-10-2021 04:06:00,0.15,0.43,-10.18,0,\N
26-10-2021 04:06:01,-1.11,-0.96,-10.61,0,\N
26-10-2021 04:06:02,0.46,0.3,-10.18,0,\N
26-10-2021 04:06:03,-0.17,-0.61,-10.57,0,\N
26-10-2021 04:06:04,-0.06,-1.11,-11.29,0,\N
26-10-2021 04:06:05,-0.12,0.29,-10.22,0,\N
26-10-2021 04:06:06,0.18,-0.51,-10.88,0,\N
26-10-2021 04:06:07,-0.22,-0.99,-10.62,0,\N
26-10-2021 04:06:08,-0.26,-0.2,-10.97,0,\N
26-10-2021 04:06:09,0.43,0.82,-10,0,\N
26-10-2021 04:06:10,-0.16,-0.73,-10.23,0,\N
26-10-2021 04:06:11,0.43,0.07,-10.88,0,\N
26-10-2021 04:06:12,0.73,-0.37,-10.97,0,\N
26-10-2021 04:06:13,-0.01,-0.6,-11.07,0,\N
26-10-2021 04:06:14,0.74,-0.72,-10.68,0,\N
26-10-2021 04:06:15,0.41,0.56,-9.27,0,\N
26-10-2021 04:06:16,0.73,-0.35,-10.76,0,\N
26-10-2021 04:06:17,-0.43,-0.74,-9.76,0,\N
26-10-2021 04:06:18,-0.49,-0.21,-10.82,0,\N
26-10-2021 04:06:19,0.08,0.59,-9.21,0,\N
26-10-2021 04:06:20,-0.47,-0.51,-11.16,0,\N
26-10-2021 04:06:21,0.61,-0.86,-10.38,0,\N
26-10-2021 04:06:22,0.29,0.61,-10.24,0,\N
26-10-2021 04:06:23,0.84,1,-9.72,0,\N
26-10-2021 04:06:24,-0.42,-0.6,-10.22,0,\N
26-10-2021 04:06:25,-0.45,-0.43,-10.71,0,\N
26-10-2021 04:06:26,0.83,0.17,-10.77,0,\N
26-10-2021 04:06:27,0.24,0.97,-9.68,0,\N
26-10-2021 04:06:28,0.23,-1.4,-12.26,0,\N
26-10-2021 04:06:29,-0.19,-0.61,-10.76,0,\N
26-10-2021 04:06:30,-0.37,0.08,-9.68,0,\N
26-10-2021 04:06:31,-0.47,-0.34,-10.83,0,\N
26-10-2021 04:06:32,0.2,0.44,-9.65,0,\N
26-10-2021 04:06:33,0.18,0.08,-9.68,0,\N
26-10-2021 04:06:34,0.53,1.52,-9.27,0,\N
26-10-2021 04:06:35,0.39,-0.38,-10.73,0,\N
26-10-2021 04:06:36,1.11,0.25,-10.49,0,\N
26-10-2021 04:06:37,-0.02,0.01,-10.13,0,\N
26-10-2021 04:06:38,-0.05,0.02,-9.53,0,\N
26-10-2021 04:06:39,0.08,0.31,-9.88,0,\N
26-10-2021 04:06:40,0.56,0.38,-9.7,0,\N
26-10-2021 04:06:41,-0.72,-1.31,-10.34,0,\N
26-10-2021 04:06:42,0.45,0.98,-10.99,0,\N
26-10-2021 04:06:43,0.28,0.58,-9.93,0,\N
26-10-2021 04:06:44,-0.97,-0.82,-11.45,0,\N
26-10-2021 04:06:45,-0.53,0.23,-9.59,0,\N
26-10-2021 04:06:46,-0.31,-0.69,-10.28,0,\N
26-10-2021 04:06:47,0.07,-0.26,-10.62,0,\N
26-10-2021 04:06:48,0.7,1.27,-10.43,0,\N
26-10-2021 04:06:49,-0.51,0.01,-9.67,0,\N
26-10-2021 04:06:50,-1.04,-0.23,-9.75,0,\N
26-10-2021 04:06:51,0.87,-0.21,-10.93,0,\N
26-10-2021 04:06:52,0.08,-0.45,-10.31,0,\N
26-10-2021 04:06:53,0.38,0.17,-10.37,0,\N
26-10-2021 04:06:54,-0.51,0.29,-10.5,0,\N
26-10-2021 04:06:55,-0.48,-1.16,-12.05,0,\N
26-10-2021 04:06:56,0.07,0.21,-9.81,0,\N
26-10-2021 04:06:57,0.03,0.8,-9.28,0,\N
26-10-2021 04:06:58,0.31,0.63,-9.51,0,\N
26-10-2021 04:06:59,0.51,0.63,-10.16,0,\N
26-10-2021 04:07:00,0.07,-0.12,-10.51,0,\N
26-10-2021 04:07:01,-0.35,1.14,-8.24,0,\N
26-10-2021 04:07:02,0.13,-1.32,-12.82,0,\N
26-10-2021 04:07:03,-0.47,0.18,-10.2,0,\N
26-10-2021 04:07:04,-0.45,-0.12,-10.35,0,\N
26-10-2021 04:07:05,0.07,-0.18,-10.94,0,\N
26-10-2021 04:07:06,-0.79,0.69,-10.3,0,\N
26-10-2021 04:07:07,-0.05,0.16,-10.29,0,\N
26-10-2021 04:07:08,-0.1,0.2,-9.57,0,\N
26-10-2021 04:07:09,1.14,0.83,-10.7,0,\N
26-10-2021 04:07:10,-0.45,-1.69,-11.8,0,\N
26-10-2021 04:07:11,-0.3,0.26,-10.27,0,\N
26-10-2021 04:07:12,0.2,-0.16,-10.47,0,\N
26-10-2021 04:07:13,-0.22,0.93,-8.56,0,\N
26-10-2021 04:07:14,0.3,-0.32,-10.62,0,\N
26-10-2021 04:07:15,-0.6,-0.65,-10.98,0,\N
26-10-2021 04:07:16,-0.38,-0.48,-11.03,0,\N
26-10-2021 04:07:17,0.26,0.38,-9.93,0,\N
26-10-2021 04:07:18,-0.68,0.61,-9.09,0,\N
26-10-2021 04:07:19,-0.03,0.38,-10.09,0,\N
26-10-2021 04:07:20,-0.17,0.2,-9.3,0,\N
26-10-2021 04:07:21,0.49,0.15,-10.3,0,\N
26-10-2021 04:07:22,-0.44,-0.5,-10.96,0,\N
26-10-2021 04:07:23,-0.51,-0.86,-11.53,0,\N
26-10-2021 04:07:24,-0.69,-0.01,-9.71,0,\N
26-10-2021 04:07:25,0.47,0.79,-9.48,0,\N
26-10-2021 04:07:26,0.14,0.01,-9.81,0,\N
26-10-2021 04:07:27,0.29,0.59,-10.2,0,\N
26-10-2021 04:07:28,0.49,0.51,-10.34,0,\N
26-10-2021 04:07:29,-0.52,0.12,-10.28,0,\N
26-10-2021 04:07:30,-0.95,-1.67,-12.56,0,\N
26-10-2021 04:07:31,0.76,1.11,-9.58,0,\N
26-10-2021 04:07:32,0.06,-0.48,-10.23,0,\N
26-10-2021 04:07:33,-0.02,0.19,-10.54,0,\N
26-10-2021 04:07:34,0.7,-0.04,-11.52,0,\N
26-10-2021 04:07:35,-0.28,-0.66,-10.48,0,\N
26-10-2021 04:07:36,0.08,0.5,-10.63,0,\N
26-10-2021 04:07:37,0.42,0.36,-10.01,0,\N
26-10-2021 04:07:38,-0.66,-1.79,-12.77,0,\N
26-10-2021 04:07:39,0.22,0.57,-9.7,0,\N
26-10-2021 04:07:40,0.22,-0.11,-11.18,0,\N
26-10-2021 04:07:41,0.55,0.19,-11.27,0,\N
26-10-2021 04:07:42,0.59,-0.31,-10.76,0,\N
26-10-2021 04:07:43,-0.87,1.14,-8.17,0,\N
26-10-2021 04:07:44,-0.49,-0.29,-10.35,0,\N
26-10-2021 04:07:45,0.34,0.6,-9.09,0,\N
26-10-2021 04:07:46,-0.6,-0.55,-10.5,0,\N
26-10-2021 04:07:47,0.41,-0.48,-10.29,0,\N
26-10-2021 04:07:48,0.24,-0.05,-10.02,0,\N
26-10-2021 04:07:49,0.1,0.5,-9.3,0,\N
26-10-2021 04:07:50,-0.38,-0.59,-11.22,0,\N
26-10-2021 04:07:51,-0.7,-0.54,-10.4,0,\N
26-10-2021 04:07:52,-0.64,0.66,-9.13,0,\N
26-10-2021 04:07:53,-0.16,-0.23,-10.26,0,\N
26-10-2021 04:07:54,0.2,0.02,-10.36,0,\N
26-10-2021 04:07:55,-0.08,-0.57,-11.58,0,\N
26-10-2021 04:07:56,0.81,0.56,-9.74,0,\N
26-10-2021 04:07:57,0.02,0.1,-9.3,0,\N
26-10-2021 04:07:58,-0.63,-0.85,-10.74,0,\N
26-10-2021 04:07:59,0.28,0.23,-9.96,0,\N
26-10-2021 04:08:00,0.08,0.26,-10.31,0,\N
26-10-2021 04:08:01,-0.2,-0.45,-9.74,0,\N
26-10-2021 04:08:02,0.73,0.62,-10.75,0,\N
26-10-2021 04:08:03,-0.41,0.45,-10.36,0,\N
26-10-2021 04:08:04,0.74,0.66,-10.85,0,\N
26-10-2021 04:08:05,-0.08,-0.25,-10.6,0,\N
26-10-2021 04:08:06,-1.02,-1.11,-11.46,0,\N
26-10-2021 04:08:07,0.59,-0.27,-10.46,0,\N
26-10-2021 04:08:08,-0.09,-0.04,-10.63,0,\N
26-10-2021 04:08:09,-0.67,-0.23,-9.59,0,\N
26-10-2021 04:08:10,0.25,-0.2,-10.32,0,\N
26-10-2021 04:08:11,-0.23,-0.48,-11.36,0,\N
26-10-2021 04:08:12,-0.42,-0.66,-10.65,0,\N
26-10-2021 04:08:13,0.31,0.32,-10.07,0,\N
26-10-2021 04:08:14,0.75,0.68,-11.02,0,\N
26-10-2021 04:08:15,0.47,0.37,-9.59,0,\N
26-10-2021 04:08:16,0.16,-0.53,-10.09,0,\N
26-10-2021 04:08:17,0.05,0.28,-9.27,0,\N
26-10-2021 04:08:18,0.4,0.31,-9.35,0,\N
26-10-2021 04:08:19,-0.48,-0.96,-11.21,0,\N
26-10-2021 04:08:20,-1.01,-0.52,-10.37,0,\N
26-10-2021 04:08:21,-0.2,0.61,-9.58,0,\N
26-10-2021 04:08:22,-0.83,-0.66,-11.37,0,\N
26-10-2021 04:08:23,0.32,-0.15,-10.82,0,\N
26-10-2021 04:08:24,0.37,0.15,-11.33,0,\N
26-10-2021 04:08:25,-0.27,-0.34,-10.58,0,\N
26-10-2021 04:08:26,-0.23,-0.59,-9.97,0,\N
26-10-2021 04:08:27,0.51,0.19,-11.17,0,\N
26-10-2021 04:08:28,-0.59,-0.58,-10.22,0,\N
26-10-2021 04:08:29,-0.41,-0.57,-10.68,0,\N
26-10-2021 04:08:30,0.31,0.91,-9.12,0,\N
26-10-2021 04:08:31,0.35,0.09,-11.4,0,\N
26-10-2021 04:08:32,0.5,-0.65,-11.43,0,\N
26-10-2021 04:08:32,0.17,-1.1,-11.14,0,\N
26-10-2021 04:08:33,-0.1,-0.21,-10.52,0,\N
26-10-2021 04:08:34,-0.54,-0.48,-10.71,0,\N
26-10-2021 04:08:35,-0.33,-1.09,-10.82,0,\N
26-10-2021 04:08:36,0.05,0.25,-9.93,0,\N
26-10-2021 04:08:37,0.94,-0.01,-11.25,0,\N
26-10-2021 04:08:38,-0.15,-0.44,-10.09,0,\N
26-10-2021 04:08:39,-0.87,-0.83,-11.64,0,\N
26-10-2021 04:08:40,0.35,-0.38,-10.96,0,\N
26-10-2021 04:08:41,0.22,-0.05,-10.82,0,\N
26-10-2021 04:08:42,0.63,0.02,-10.61,0,\N
26-10-2021 04:08:43,-1.04,-0.46,-10.48,0,\N
26-10-2021 04:08:44,0.46,-0.34,-10.95,0,\N
26-10-2021 04:08:45,0.05,0.5,-10.19,0,\N
26-10-2021 04:08:46,0.27,0.33,-10.79,0,\N
26-10-2021 04:08:47,-0.46,-0.75,-11.03,0,\N
26-10-2021 04:08:48,0.77,0.54,-10.26,0,\N
26-10-2021 04:08:49,-0.62,-0.34,-10.1,0,\N
26-10-2021 04:08:50,0.14,0.64,-9.63,0,\N
26-10-2021 04:08:51,0.21,-0.09,-9.86,0,\N
26-10-2021 04:08:52,0.12,-0.44,-10.7,0,\N
26-10-2021 04:08:53,-0.07,0.8,-10.24,0,\N
26-10-2021 04:08:54,-0.59,-0.76,-10.87,0,\N
26-10-2021 04:08:55,0.45,0.64,-9.85,0,\N
26-10-2021 04:08:56,0.07,0.93,-9.14,0,\N
26-10-2021 04:08:57,0.39,1.06,-9.06,0,\N
26-10-2021 04:08:58,0.21,0.88,-9.78,0,\N
26-10-2021 04:08:59,0.76,0.56,-10.09,0,\N
26-10-2021 04:09:00,-0.35,0.37,-10.34,0,\N
26-10-2021 04:09:01,-0.11,-0.41,-10.53,0,\N
26-10-2021 04:09:02,0.03,0.02,-9.94,0,\N
26-10-2021 04:09:03,0.09,0.28,-10.83,0,\N
26-10-2021 04:09:04,-0.43,0.35,-10.34,0,\N
26-10-2021 04:09:05,-0.76,-1.26,-11.4,0,\N
26-10-2021 04:09:06,0.11,1.07,-9.08,0,\N
26-10-2021 04:09:07,0.33,0.59,-9.59,0,\N
26-10-2021 04:09:08,-0.41,-0.53,-11.51,0,\N
26-10-2021 04:09:09,-0.3,-0.76,-11.59,0,\N
26-10-2021 04:09:10,-0.33,-0.52,-11.59,0,\N
26-10-2021 04:09:11,1.02,0.48,-10.08,0,\N
26-10-2021 04:09:12,-0.22,-0.84,-10.53,0,\N
26-10-2021 04:09:13,0.06,-0.79,-11.23,0,\N
26-10-2021 04:09:14,0.4,0.74,-10.36,0,\N
26-10-2021 04:09:15,0.2,-0.42,-10.61,0,\N
26-10-2021 04:09:16,-0.8,-0.59,-10.95,0,\N
26-10-2021 04:09:17,0.14,0.32,-9.67,0,\N
26-10-2021 04:09:18,-0.1,-0.9,-11.51,0,\N
26-10-2021 04:09:19,-0.39,0.47,-10.68,0,\N
26-10-2021 04:09:20,0.4,0.55,-9.84,0,\N
26-10-2021 04:09:21,0.2,-0.48,-11.5,0,\N
26-10-2021 04:09:22,0,-0.43,-11.25,0,\N
26-10-2021 04:09:23,0.06,-0.22,-10.93,0,\N
26-10-2021 04:09:24,-0.03,-0.46,-10.09,0,\N
26-10-2021 04:09:25,-0.53,0.08,-10.27,0,\N
26-10-2021 04:09:26,0.17,-0.56,-10.49,0,\N
26-10-2021 04:09:27,-0.42,-1.06,-11.18,0,\N
26-10-2021 04:09:28,0.52,0.6,-9.92,0,\N
26-10-2021 04:09:29,-0.2,-0.18,-10.89,0,\N
26-10-2021 04:09:30,0.04,-0.58,-11.06,0,\N
26-10-2021 04:09:31,-0.08,0.09,-8.85,0,\N
26-10-2021 04:09:32,-1.01,-0.57,-10.79,0,\N
26-10-2021 04:09:33,0.1,-0.55,-10.79,0,\N
26-10-2021 04:09:34,0.13,0.57,-9.07,0,\N
26-10-2021 04:09:35,-0.04,-0.3,-10.1,0,\N
26-10-2021 04:09:36,0.08,0.46,-10.14,0,\N
26-10-2021 04:09:37,0.24,0.57,-9.42,0,\N
26-10-2021 04:09:38,-0.21,-1.01,-11.08,0,\N
26-10-2021 04:09:39,0.54,-0.55,-11.88,0,\N
26-10-2021 04:09:40,0.01,-0.01,-9.84,0,\N
26-10-2021 04:09:41,0.27,-0.84,-10.83,0,\N
26-10-2021 04:09:42,0.35,-0.01,-10.81,0,\N
26-10-2021 04:09:43,0.13,0.74,-10.34,0,\N
26-10-2021 04:09:44,-0.18,-0.18,-10.07,0,\N
26-10-2021 04:09:45,-0.05,-0.86,-10.77,0,\N
26-10-2021 04:09:46,0.62,0.12,-10.97,0,\N
26-10-2021 04:09:47,-0.03,0.41,-10.33,0,\N
26-10-2021 04:09:48,-0.18,0.71,-9.41,0,\N
26-10-2021 04:09:49,-0.74,-0.81,-10.83,0,\N
26-10-2021 04:09:50,-0.47,-0.28,-10.37,0,\N
26-10-2021 04:09:51,0.1,0.89,-8.45,0,\N
26-10-2021 04:09:52,-0.18,-0.78,-10.21,0,\N
26-10-2021 04:09:53,-0.33,-1.08,-10.71,0,\N
26-10-2021 04:09:54,-0.39,0.15,-9.71,0,\N
26-10-2021 04:09:55,-0.15,-0.1,-10.19,0,\N
26-10-2021 04:09:56,-0.93,-0.83,-11.16,0,\N
26-10-2021 04:09:57,0.6,0.26,-10.6,0,\N
26-10-2021 04:09:58,-0.43,-0.58,-10.17,0,\N
26-10-2021 04:09:59,-0.59,-1.13,-10.89,0,\N
26-10-2021 04:10:00,0.43,0.29,-9.91,0,\N
26-10-2021 04:10:01,-0.21,0.71,-9.64,0,\N
26-10-2021 04:10:02,0.87,0.37,-10.97,0,\N
26-10-2021 04:10:03,0.48,0.74,-10.33,0,\N
26-10-2021 04:10:04,-0.48,0.49,-9.63,0,\N
26-10-2021 04:10:05,-0.37,0.87,-9.03,0,\N
26-10-2021 04:10:06,0.58,-0.07,-10.2,0,\N
26-10-2021 04:10:07,0.22,-0.16,-10.29,0,\N
26-10-2021 04:10:08,0.16,-0.71,-11.37,0,\N
26-10-2021 04:10:09,-0.35,-0.51,-10.83,0,\N
26-10-2021 04:10:10,-0.22,-0.29,-10.23,0,\N
26-10-2021 04:10:11,-0.66,-0.26,-10.92,0,\N
26-10-2021 04:10:12,0.44,0.7,-9.65,0,\N
26-10-2021 04:10:13,-0.5,1.06,-9.24,0,\N
26-10-2021 04:10:14,-0.53,-0.38,-10.94,0,\N
26-10-2021 04:10:15,0.4,0.54,-9.77,0,\N
26-10-2021 04:10:16,-0.59,-0.62,-10.41,0,\N
26-10-2021 04:10:17,-0.33,-0.31,-10.03,0,\N
26-10-2021 04:10:18,-0.26,-0.45,-10.64,0,\N
26-10-2021 04:10:19,-0.06,0.07,-10.48,0,\N
26-10-2021 04:10:20,0.32,0.26,-9.64,0,\N
26-10-2021 04:10:21,-0.58,-0.72,-11.4,0,\N
26-10-2021 04:10:22,0.59,0.68,-9.53,0,\N
26-10-2021 04:10:23,0.23,1.12,-9.11,0,\N
26-10-2021 04:10:24,0.62,0.34,-10.08,0,\N
26-10-2021 04:10:25,-0.23,0.02,-9.87,0,\N
26-10-2021 04:10:26,-0.83,-0.49,-10.74,0,\N
26-10-2021 04:10:27,-0.38,-0.19,-9.53,0,\N
26-10-2021 04:10:28,0.53,0.77,-9.81,0,\N
26-10-2021 04:10:29,-0.12,-0.31,-10.74,0,\N
26-10-2021 04:10:30,0.8,0.45,-11.39,0,\N
26-10-2021 04:10:31,-0.18,-0.21,-10.66,0,\N
26-10-2021 04:10:32,-0.54,-0.51,-10.68,0,\N
26-10-2021 04:10:33,0.28,0,-11.13,0,\N
26-10-2021 04:10:34,-0.47,0.23,-10.36,0,\N
26-10-2021 04:10:35,0.15,0.07,-10.83,0,\N
26-10-2021 04:10:36,0.41,0.45,-9.93,0,\N
26-10-2021 04:10:37,-0.06,-0.68,-11.15,0,\N
26-10-2021 04:10:38,-0.58,0.73,-9.47,0,\N
26-10-2021 04:10:39,0.32,-0.47,-11,0,\N
26-10-2021 04:10:40,0.25,-0.27,-10.3,0,\N
26-10-2021 04:10:41,-0.45,-0.17,-9.39,0,\N
26-10-2021 04:10:42,0.06,1.84,-9.05,0,\N
26-10-2021 04:10:43,-0.15,-0.42,-11.01,0,\N
26-10-2021 04:10:44,-0.73,-0.24,-10.08,0,\N
26-10-2021 04:10:45,0.54,-0.14,-11.54,0,\N
26-10-2021 04:10:46,-0.01,0.44,-9.63,0,\N
26-10-2021 04:10:47,-0.76,-0.69,-10.68,0,\N
26-10-2021 04:10:48,-0.23,0.22,-10.12,0,\N
26-10-2021 04:10:49,0.13,-0.51,-12.64,0,\N
26-10-2021 04:10:50,0.81,0.65,-10.19,0,\N
26-10-2021 04:10:51,0.09,0.69,-9.5,0,\N
26-10-2021 04:10:52,0.65,-0.37,-11.1,0,\N
26-10-2021 04:10:53,0.48,0.51,-9.46,0,\N
26-10-2021 04:10:54,-0.37,0.25,-10.01,0,\N
26-10-2021 04:10:55,-0.01,-0.39,-10.77,0,\N
26-10-2021 04:10:56,0.86,-0.06,-10.56,0,\N
26-10-2021 04:10:57,-0.81,-1.31,-11.44,0,\N
26-10-2021 04:10:58,0.01,-0.06,-10.11,0,\N
26-10-2021 04:10:59,-0.09,-0.11,-10.05,0,\N
26-10-2021 04:11:00,0.02,0.38,-11.31,0,\N
26-10-2021 04:11:01,0.38,0.78,-10.93,0,\N
26-10-2021 04:11:02,0.11,0.77,-9.83,0,\N
26-10-2021 04:11:03,-0.23,-1.3,-11.68,0,\N
26-10-2021 04:11:04,0.07,0.07,-10.51,0,\N
26-10-2021 04:11:05,0.05,-0.43,-10.33,0,\N
26-10-2021 04:11:06,0.25,0.16,-9.9,0,\N
26-10-2021 04:11:07,0.26,0.87,-8.73,0,\N
26-10-2021 04:11:08,0.01,0.16,-10.11,0,\N
26-10-2021 04:11:09,-0.43,-0.84,-11.31,0,\N
26-10-2021 04:11:10,-0.33,-0.49,-11.34,0,\N
26-10-2021 04:11:11,-0.19,-0.42,-10.97,0,\N
26-10-2021 04:11:12,0.02,-0.48,-10.56,0,\N
26-10-2021 04:11:13,-0.37,-0.88,-11.01,0,\N
26-10-2021 04:11:14,-0.36,0.48,-9.77,0,\N
26-10-2021 04:11:15,-0.48,-0.07,-10.69,0,\N
26-10-2021 04:11:16,-0.33,-0.1,-10.03,0,\N
26-10-2021 04:11:17,0.13,0.3,-10.62,0,\N
26-10-2021 04:11:18,-0.23,0.4,-9.75,0,\N
26-10-2021 04:11:19,0.12,-0.08,-9.9,0,\N
26-10-2021 04:11:20,0.31,0.74,-9.55,0,\N
26-10-2021 04:11:21,-0.49,-0.27,-11.01,0,\N
26-10-2021 04:11:22,-0.14,-0.02,-10.15,0,\N
26-10-2021 04:11:23,0.06,0,-11.52,0,\N
26-10-2021 04:11:24,-0.5,-0.28,-10.61,0,\N
26-10-2021 04:11:25,-0.16,-0.8,-10.31,0,\N
26-10-2021 04:11:26,0.35,0.1,-10.47,0,\N
26-10-2021 04:11:27,0.03,0.62,-9.53,0,\N
26-10-2021 04:11:28,-0.3,-0.42,-10.27,0,\N
26-10-2021 04:11:29,0.01,1.01,-9.07,0,\N
26-10-2021 04:11:30,0.17,-0.56,-9.46,0,\N
26-10-2021 04:11:31,0.35,0.56,-8.37,0,\N
26-10-2021 04:11:32,0.02,0.12,-10.55,0,\N
26-10-2021 04:11:33,0.09,-0.64,-10.79,0,\N
26-10-2021 04:11:34,0.17,-0.21,-10.58,0,\N
26-10-2021 04:11:35,0.47,-0.15,-10.21,0,\N
26-10-2021 04:11:36,0.29,-0.5,-10.81,0,\N
26-10-2021 04:11:37,-0.05,0.02,-11.18,0,\N
26-10-2021 04:11:38,-0.34,-0.99,-10.25,0,\N
26-10-2021 04:11:39,0.38,0.16,-10.92,0,\N
26-10-2021 04:11:40,0.29,0.25,-10.77,0,\N
26-10-2021 04:11:41,-1.07,-0.94,-11.31,0,\N
26-10-2021 04:11:42,-0.51,0.26,-9.85,0,\N
26-10-2021 04:11:43,-0.29,0.61,-8.64,0,\N
26-10-2021 04:11:44,0.58,0.11,-10.33,0,\N
26-10-2021 04:11:45,0.75,0.58,-11.42,0,\N
26-10-2021 04:11:46,0.2,0.74,-9.32,0,\N
26-10-2021 04:11:47,0.12,-0.59,-11.45,0,\N
26-10-2021 04:11:48,0.49,-0.23,-11.75,0,\N
26-10-2021 04:11:49,-0.07,-0.1,-9.76,0,\N
26-10-2021 04:11:50,-0.98,0.08,-9.99,0,\N
26-10-2021 04:11:51,1.07,0.44,-9.98,0,\N
26-10-2021 04:11:51,0.05,-0.26,-11.02,0,\N
26-10-2021 04:11:52,0.18,-0.66,-11.66,0,\N
26-10-2021 04:11:53,0.17,0.14,-10.97,0,\N
26-10-2021 04:11:54,-1.09,-0.41,-11.19,0,\N
26-10-2021 04:11:55,0.44,-0.75,-11.04,0,\N
26-10-2021 04:11:56,-0.54,0.61,-9.29,0,\N
26-10-2021 04:11:57,0.23,-0.78,-10.85,0,\N
26-10-2021 04:11:58,-0.06,-0.2,-10.61,0,\N
26-10-2021 04:11:59,0.05,-0.6,-10.56,0,\N
26-10-2021 04:12:00,0.29,0.51,-10.56,0,\N
26-10-2021 04:12:01,-0.66,-1.28,-11.46,0,\N
26-10-2021 04:12:02,-0.84,-0.73,-10.67,0,\N
26-10-2021 04:12:03,-0.51,0.01,-9.52,0,\N
26-10-2021 04:12:04,0.36,0.06,-10.39,0,\N
26-10-2021 04:12:05,0.62,0.68,-10.19,0,\N
26-10-2021 04:12:06,-0.22,-0.88,-10.41,0,\N
26-10-2021 04:12:07,-0.1,-1.15,-11.06,0,\N
26-10-2021 04:12:08,0.65,0.31,-9.53,0,\N
26-10-2021 04:12:09,0.07,-0.11,-11.06,0,\N
26-10-2021 04:12:10,0.1,0.27,-9.5,0,\N
26-10-2021 04:12:11,-0.38,-0.29,-10.56,0,\N
26-10-2021 04:12:12,-0.41,0.63,-10.2,0,\N
26-10-2021 04:12:13,-0.82,-0.23,-9.9,0,\N
26-10-2021 04:12:14,-0.09,-0.95,-11.41,0,\N
26-10-2021 04:12:15,0,-0.36,-10.51,0,\N
26-10-2021 04:12:16,-0.47,-1,-10.52,0,\N
26-10-2021 04:12:17,-1.08,-0.73,-10.63,0,\N
26-10-2021 04:12:18,0.39,-0.1,-10,0,\N
26-10-2021 04:12:19,0.34,0.2,-10.18,0,\N
26-10-2021 04:12:20,0.28,0.17,-10.22,0,\N
26-10-2021 04:12:21,0.68,0.07,-10.55,0,\N
26-10-2021 04:12:22,0.71,0.21,-11.1,0,\N
26-10-2021 04:12:23,-0.94,-0.1,-10.14,0,\N
26-10-2021 04:12:24,0.35,0.38,-10.04,0,\N
26-10-2021 04:12:25,-0.3,-0.12,-10.76,0,\N
26-10-2021 04:12:26,-0.17,-0.77,-11.49,0,\N
26-10-2021 04:12:27,0.75,0.03,-10.89,0,\N
26-10-2021 04:12:28,-0.29,0.05,-10.09,0,\N
26-10-2021 04:12:29,-0.3,-0.48,-10.85,0,\N
26-10-2021 04:12:30,0.28,0.87,-9.41,0,\N
26-10-2021 04:12:31,-0.54,-0.12,-11.01,0,\N
26-10-2021 04:12:32,0.72,-0.26,-10.54,0,\N
26-10-2021 04:12:33,-0.15,0.76,-9.67,0,\N
26-10-2021 04:12:34,-0.11,-0.59,-9.88,0,\N
26-10-2021 04:12:35,-0.47,0.08,-10.79,0,\N
26-10-2021 04:12:36,0.51,-0.11,-9.92,0,\N
26-10-2021 04:12:37,0.24,1.32,-9.09,0,\N
26-10-2021 04:12:38,-0.85,-0.36,-10.83,0,\N
26-10-2021 04:12:39,-0.27,-0.67,-10.19,0,\N
26-10-2021 04:12:40,-1.15,0.36,-9.3,0,\N
26-10-2021 04:12:41,-0.37,-0.73,-11.43,0,\N
26-10-2021 04:12:42,-0.46,1.32,-8.25,0,\N
26-10-2021 04:12:43,-0.58,-0.36,-9.76,0,\N
26-10-2021 04:12:44,0.39,-0.85,-10.36,0,\N
26-10-2021 04:12:45,0.39,-0.28,-11.68,0,\N
26-10-2021 04:12:46,-0.56,-0.63,-10.81,0,\N
26-10-2021 04:12:47,-0.51,-0.51,-10.1,0,\N
26-10-2021 04:12:48,-0.53,-0.47,-10.52,0,\N
26-10-2021 04:12:49,-0.1,0.13,-10.59,0,\N
26-10-2021 04:12:50,0.11,-0.2,-10.39,0,\N
26-10-2021 04:12:51,-0.17,-0.82,-10.44,0,\N
26-10-2021 04:12:52,-0.04,1.5,-9.05,0,\N
26-10-2021 04:12:53,-0.39,-0.63,-10.63,0,\N
26-10-2021 04:12:54,-0.35,-0.81,-10.55,0,\N
26-10-2021 04:12:55,0.12,0.05,-9.58,0,\N
26-10-2021 04:12:56,0.11,0.2,-10.94,0,\N
26-10-2021 04:12:57,-0.49,-0.93,-11.68,0,\N
26-10-2021 04:12:58,-0.38,-0.21,-10.59,0,\N
26-10-2021 04:12:59,0.79,0.05,-11.08,0,\N
26-10-2021 04:13:00,0.23,0.49,-10.47,0,\N
26-10-2021 04:13:01,0.01,0.76,-9.41,0,\N
26-10-2021 04:13:02,0.18,-0.48,-10.8,0,\N
26-10-2021 04:13:03,0.11,0.27,-9.24,0,\N
26-10-2021 04:13:04,0.37,0.46,-10.64,0,\N
26-10-2021 04:13:05,0.39,0.6,-10.34,0,\N
26-10-2021 04:13:06,-0.65,-1.24,-11.84,0,\N
26-10-2021 04:13:07,-0.62,-0.56,-10.58,0,\N
26-10-2021 04:13:08,-0.16,0.27,-9.81,0,\N
26-10-2021 04:13:09,-0.33,-0.4,-10.85,0,\N
26-10-2021 04:13:10,0.11,0.49,-10.49,0,\N
26-10-2021 04:13:11,0.08,0.83,-9.52,0,\N
26-10-2021 04:13:12,0.17,-0.1,-10.58,0,\N
26-10-2021 04:13:13,0.08,-0.01,-10.98,0,\N
26-10-2021 04:13:14,0.06,0.35,-8.68,0,\N
26-10-2021 04:13:15,0.36,0.33,-9.48,0,\N
26-10-2021 04:13:16,-0.82,-0.4,-10.73,0,\N
26-10-2021 04:13:17,0.09,-0.83,-10.99,0,\N
26-10-2021 04:13:18,0.18,0.67,-10.63,0,\N
26-10-2021 04:13:19,-0.39,-0.15,-10.45,0,\N
26-10-2021 04:13:20,0.13,0.34,-10.44,0,\N
26-10-2021 04:13:21,0.4,0.19,-10.33,0,\N
26-10-2021 04:13:22,-0.1,-0.5,-10.74,0,\N
26-10-2021 04:13:23,-0.11,0.7,-10.12,0,\N
26-10-2021 04:13:24,-0.02,0.13,-9.57,0,\N
26-10-2021 04:13:25,-0.21,0.54,-10.25,0,\N
26-10-2021 04:13:26,0.59,0.37,-10.89,0,\N
26-10-2021 04:13:27,-0.64,1.05,-9.5,0,\N
26-10-2021 04:13:28,-0.31,0.36,-10.08,0,\N
26-10-2021 04:13:29,0,0.22,-9.29,0,\N
26-10-2021 04:13:30,-0.77,-0.32,-10.87,0,\N
26-10-2021 04:13:31,-0.56,-0.63,-10.41,0,\N
26-10-2021 04:13:32,-0.2,-0.25,-11.31,0,\N
26-10-2021 04:13:33,-0.17,1.07,-9.82,0,\N
26-10-2021 04:13:34,-0.21,-0.56,-10.7,0,\N
26-10-2021 04:13:35,-0.16,-0.09,-9.74,0,\N
26-10-2021 04:13:36,0.22,0.53,-8.82,0,\N
26-10-2021 04:13:37,-1.07,-0.41,-9.97,0,\N
26-10-2021 04:13:38,-0.25,-0.12,-10.02,0,\N
26-10-2021 04:13:39,0.29,0.56,-9.1,0,\N
26-10-2021 04:13:40,0.28,-0.39,-11.41,0,\N
26-10-2021 04:13:41,-0.24,-0.07,-10.26,0,\N
26-10-2021 04:13:42,-0.21,0.21,-11.14,0,\N
26-10-2021 04:13:43,0.77,0.01,-10.9,0,\N
26-10-2021 04:13:44,0.07,-0.09,-10.3,0,\N
26-10-2021 04:13:45,0.85,0.3,-11.12,0,\N
26-10-2021 04:13:46,0.38,0.76,-10.19,0,\N
26-10-2021 04:13:47,-0.33,-0.25,-9.96,0,\N
26-10-2021 04:13:48,-0.35,-0.99,-10.75,0,\N
26-10-2021 04:13:49,-0.36,-0.48,-11.46,0,\N
26-10-2021 04:13:50,-0.31,0.22,-10.95,0,\N
26-10-2021 04:13:51,-0.11,0.73,-8.92,0,\N
26-10-2021 04:13:52,0.59,1.47,-9.56,0,\N
26-10-2021 04:13:53,-1.22,-0.56,-10.94,0,\N
26-10-2021 04:13:54,-0.27,0.13,-9.8,0,\N
26-10-2021 04:13:55,-0.4,-1.08,-11.75,0,\N
26-10-2021 04:13:56,-0.19,0.43,-9.48,0,\N
26-10-2021 04:13:57,0.22,-0.15,-10.75,0,\N
26-10-2021 04:13:58,0.57,0.72,-9.47,0,\N
26-10-2021 04:13:59,0.25,-0.39,-9.98,0,\N
26-10-2021 04:14:00,0.29,-0.71,-9.99,0,\N
26-10-2021 04:14:01,0.41,0.85,-10.08,0,\N
26-10-2021 04:14:02,0.23,0.66,-9.71,0,\N
26-10-2021 04:14:03,-1.23,-0.82,-11.59,0,\N
26-10-2021 04:14:04,-0.56,-0.13,-9.96,0,\N
26-10-2021 04:14:05,0.01,0.49,-9.31,0,\N
26-10-2021 04:14:06,0.03,-0.12,-10.67,0,\N
26-10-2021 04:14:07,0.4,0.45,-9.75,0,\N
26-10-2021 04:14:08,-0.1,-0.86,-10.66,0,\N
26-10-2021 04:14:09,0.08,0.68,-9.62,0,\N
26-10-2021 04:14:10,0.13,-0.65,-10.77,0,\N
26-10-2021 04:14:11,0.24,0.06,-10.49,0,\N
26-10-2021 04:14:12,0.35,1.14,-10.49,0,\N
26-10-2021 04:14:13,-0.5,-0.97,-10.86,0,\N
26-10-2021 04:14:14,0.08,0.66,-8.2,0,\N
26-10-2021 04:14:15,-0.32,0.9,-10.14,0,\N
26-10-2021 04:14:16,-0.36,-0.28,-10.35,0,\N
26-10-2021 04:14:17,0.54,0.44,-11.07,0,\N
26-10-2021 04:14:18,-0.11,0.86,-9.85,0,\N
26-10-2021 04:14:19,-0.58,-0.71,-11.47,0,\N
26-10-2021 04:14:20,0.27,0.85,-9.03,0,\N
26-10-2021 04:14:21,-0.76,-1.05,-11.68,0,\N
26-10-2021 04:14:22,-0.16,-0.13,-10.2,0,\N
26-10-2021 04:14:23,-0.51,0,-10.06,0,\N
26-10-2021 04:14:24,0,-0.13,-9.83,0,\N
26-10-2021 04:14:25,-0.05,-0.77,-11.14,0,\N
26-10-2021 04:14:26,-0.69,0.56,-9.51,0,\N
26-10-2021 04:14:27,-0.3,1.03,-9.64,0,\N
26-10-2021 04:14:28,1.16,0.32,-10.74,0,\N
26-10-2021 04:14:29,0,0.55,-9.67,0,\N
26-10-2021 04:14:30,-0.15,-0.36,-10.51,0,\N
26-10-2021 04:14:31,-0.2,0.12,-10.19,0,\N
26-10-2021 04:14:32,-1.14,-0.93,-10.75,0,\N
26-10-2021 04:14:33,-0.35,0.19,-9.79,0,\N
26-10-2021 04:14:34,0.17,0.24,-9.96,0,\N
26-10-2021 04:14:35,0.04,-0.8,-11.34,0,\N
26-10-2021 04:14:36,-0.04,-0.11,-10.44,0,\N
26-10-2021 04:14:37,0.04,-0.25,-11.16,0,\N
26-10-2021 04:14:38,0.26,0.73,-10.81,0,\N
26-10-2021 04:14:39,-0.67,-1.41,-11.32,0,\N
26-10-2021 04:14:40,0.18,-0.75,-10.51,0,\N
26-10-2021 04:14:41,0.5,0.61,-10.52,0,\N
26-10-2021 04:14:42,0.44,-0.67,-11.51,0,\N
26-10-2021 04:14:43,0.18,0.19,-10.51,0,\N
26-10-2021 04:14:44,-0.66,-0.64,-10.93,0,\N
26-10-2021 04:14:45,-0.63,0.92,-9.48,0,\N
26-10-2021 04:14:46,0.35,0.94,-9.84,0,\N
26-10-2021 04:14:47,-0.32,-0.55,-11.14,0,\N
26-10-2021 04:14:48,-0.33,-0.57,-10.49,0,\N
26-10-2021 04:14:49,0.26,0.3,-8.67,0,\N
26-10-2021 04:14:50,0.71,0.29,-10.67,0,\N
26-10-2021 04:14:51,0.56,0.57,-9.72,0,\N
26-10-2021 04:14:52,-0.16,0.2,-9.44,0,\N
26-10-2021 04:14:53,-0.47,-0.49,-10.46,0,\N
26-10-2021 04:14:54,-0.51,0.02,-10.21,0,\N
26-10-2021 04:14:55,0.09,-0.71,-11.02,0,\N
26-10-2021 04:14:56,0.55,0.65,-9.65,0,\N
26-10-2021 04:14:57,0.34,0.59,-10.64,0,\N
26-10-2021 04:14:58,0.07,0.26,-10.67,0,\N
26-10-2021 04:14:59,0.23,0.33,-9.49,0,\N
26-10-2021 04:15:00,-0.13,-0.68,-10.02,0,\N
26-10-2021 04:15:01,-0.18,-0.08,-10.55,0,\N
26-10-2021 04:15:02,-0.04,1.27,-9.39,0,\N
26-10-2021 04:15:03,0.02,0.19,-9.72,0,\N
26-10-2021 04:15:04,0.09,0.1,-10.14,0,\N
26-10-2021 04:15:05,0.37,0.07,-10.78,0,\N
26-10-2021 04:15:06,0.21,-0.12,-11.25,0,\N
26-10-2021 04:15:07,-0.38,0.33,-10.15,0,\N
26-10-2021 04:15:08,0.16,0.02,-10.4,0,\N
26-10-2021 04:15:09,0.07,1.45,-9.24,0,\N
26-10-2021 04:15:10,0,0.46,-9.8,0,\N
26-10-2021 04:15:10,-0.65,0.27,-9.91,0,\N
26-10-2021 04:15:11,0.22,0.52,-10.45,0,\N
26-10-2021 04:15:12,-0.31,0.61,-9.8,0,\N
